PRAGMA foreign_keys=OFF;
CREATE TABLE android_metadata (locale TEXT);
INSERT INTO android_metadata VALUES('en_US');
CREATE TABLE _sync_state (_id INTEGER PRIMARY KEY,account_name TEXT NOT NULL,account_type TEXT NOT NULL,data TEXT,UNIQUE(account_name, account_type));
INSERT INTO _sync_state VALUES(1,'dicl.skku@gmail.com','com.google',X'7b2276657273696f6e223a31362c2266697273745365656e223a66616c73652c226a656c6c794265616e4f724e65776572223a747275652c22623338303835323435223a323134373438333634372c227061636b616765223a22636f6d2e676f6f676c652e616e64726f69642e63616c656e646172222c226b6f2e736f7574685f6b6f72656123686f6c696461794067726f75702e762e63616c656e6461722e676f6f676c652e636f6d223a7b2277696e646f775f656e64223a313637343433323030303030302c22666565645f757064617465645f74696d65223a22323032322d30312d30365430303a32393a31342e3030305a222c226c6173745f73796e635f74696d65223a313634313533393730373633342c22646f5f696e6372656d656e74616c5f73796e63223a747275657d2c22656e2e736f7574685f6b6f72656123686f6c696461794067726f75702e762e63616c656e6461722e676f6f676c652e636f6d223a7b2277696e646f775f656e64223a313637343433323030303030302c22666565645f757064617465645f74696d65223a22323032322d30312d30365430303a32393a31342e3030305a222c226c6173745f73796e635f74696d65223a313634313533393730373034342c22646f5f696e6372656d656e74616c5f73796e63223a747275657d2c226469636c2e736b6b7540676d61696c2e636f6d223a7b2277696e646f775f656e64223a313637343433323030303030302c22666565645f757064617465645f74696d65223a22323032322d30312d30335430323a34313a33302e3933305a222c226c6173745f73796e635f74696d65223a313634313533393730383838322c22646f5f696e6372656d656e74616c5f73796e63223a747275657d7d');
CREATE TABLE _sync_state_metadata (version INTEGER);
INSERT INTO _sync_state_metadata VALUES(1);
CREATE TABLE Colors (_id INTEGER PRIMARY KEY,account_name TEXT NOT NULL,account_type TEXT NOT NULL,data TEXT,color_type INTEGER NOT NULL,color_index TEXT NOT NULL,color INTEGER NOT NULL);
INSERT INTO Colors VALUES(1,'dicl.skku@gmail.com','com.google',NULL,0,'22',-618062);
INSERT INTO Colors VALUES(2,'dicl.skku@gmail.com','com.google',NULL,0,'23',-3312410);
INSERT INTO Colors VALUES(3,'dicl.skku@gmail.com','com.google',NULL,0,'24',-5997854);
INSERT INTO Colors VALUES(4,'dicl.skku@gmail.com','com.google',NULL,0,'10',-4989844);
INSERT INTO Colors VALUES(5,'dicl.skku@gmail.com','com.google',NULL,0,'11',-267901);
INSERT INTO Colors VALUES(6,'dicl.skku@gmail.com','com.google',NULL,0,'12',-339611);
INSERT INTO Colors VALUES(7,'dicl.skku@gmail.com','com.google',NULL,0,'13',-7151168);
INSERT INTO Colors VALUES(8,'dicl.skku@gmail.com','com.google',NULL,0,'14',-6299161);
INSERT INTO Colors VALUES(9,'dicl.skku@gmail.com','com.google',NULL,0,'15',-6306073);
INSERT INTO Colors VALUES(10,'dicl.skku@gmail.com','com.google',NULL,0,'16',-11958553);
INSERT INTO Colors VALUES(11,'dicl.skku@gmail.com','com.google',NULL,0,'17',-6644481);
INSERT INTO Colors VALUES(12,'dicl.skku@gmail.com','com.google',NULL,0,'18',-4613377);
INSERT INTO Colors VALUES(13,'dicl.skku@gmail.com','com.google',NULL,0,'19',-4013374);
INSERT INTO Colors VALUES(14,'dicl.skku@gmail.com','com.google',NULL,0,'1',-5475746);
INSERT INTO Colors VALUES(15,'dicl.skku@gmail.com','com.google',NULL,0,'2',-3118236);
INSERT INTO Colors VALUES(16,'dicl.skku@gmail.com','com.google',NULL,0,'3',-509406);
INSERT INTO Colors VALUES(17,'dicl.skku@gmail.com','com.google',NULL,0,'4',-370884);
INSERT INTO Colors VALUES(18,'dicl.skku@gmail.com','com.google',NULL,0,'5',-35529);
INSERT INTO Colors VALUES(19,'dicl.skku@gmail.com','com.google',NULL,0,'6',-21178);
INSERT INTO Colors VALUES(20,'dicl.skku@gmail.com','com.google',NULL,0,'7',-12396910);
INSERT INTO Colors VALUES(21,'dicl.skku@gmail.com','com.google',NULL,0,'8',-15292571);
INSERT INTO Colors VALUES(22,'dicl.skku@gmail.com','com.google',NULL,0,'9',-8662712);
INSERT INTO Colors VALUES(23,'dicl.skku@gmail.com','com.google',NULL,0,'20',-3490369);
INSERT INTO Colors VALUES(24,'dicl.skku@gmail.com','com.google',NULL,0,'21',-3365204);
INSERT INTO Colors VALUES(25,'dicl.skku@gmail.com','com.google',NULL,1,'11',-2350809);
INSERT INTO Colors VALUES(26,'dicl.skku@gmail.com','com.google',NULL,1,'1',-5980676);
INSERT INTO Colors VALUES(27,'dicl.skku@gmail.com','com.google',NULL,1,'2',-8722497);
INSERT INTO Colors VALUES(28,'dicl.skku@gmail.com','com.google',NULL,1,'3',-2380289);
INSERT INTO Colors VALUES(29,'dicl.skku@gmail.com','com.google',NULL,1,'4',-30596);
INSERT INTO Colors VALUES(30,'dicl.skku@gmail.com','com.google',NULL,1,'5',-272549);
INSERT INTO Colors VALUES(31,'dicl.skku@gmail.com','com.google',NULL,1,'6',-18312);
INSERT INTO Colors VALUES(32,'dicl.skku@gmail.com','com.google',NULL,1,'7',-12134693);
INSERT INTO Colors VALUES(33,'dicl.skku@gmail.com','com.google',NULL,1,'8',-1973791);
INSERT INTO Colors VALUES(34,'dicl.skku@gmail.com','com.google',NULL,1,'9',-11238163);
INSERT INTO Colors VALUES(35,'dicl.skku@gmail.com','com.google',NULL,1,'10',-11421879);
CREATE TABLE Calendars (_id INTEGER PRIMARY KEY,account_name TEXT,account_type TEXT,_sync_id TEXT,dirty INTEGER,mutators TEXT,name TEXT,calendar_displayName TEXT,calendar_color INTEGER,calendar_color_index TEXT,calendar_access_level INTEGER,visible INTEGER NOT NULL DEFAULT 1,sync_events INTEGER NOT NULL DEFAULT 0,calendar_location TEXT,calendar_timezone TEXT,ownerAccount TEXT, isPrimary INTEGER, canOrganizerRespond INTEGER NOT NULL DEFAULT 1,canModifyTimeZone INTEGER DEFAULT 1,canPartiallyUpdate INTEGER DEFAULT 0,maxReminders INTEGER DEFAULT 5,allowedReminders TEXT DEFAULT '0,1',allowedAvailability TEXT DEFAULT '0,1',allowedAttendeeTypes TEXT DEFAULT '0,1,2',deleted INTEGER NOT NULL DEFAULT 0,cal_sync1 TEXT,cal_sync2 TEXT,cal_sync3 TEXT,cal_sync4 TEXT,cal_sync5 TEXT,cal_sync6 TEXT,cal_sync7 TEXT,cal_sync8 TEXT,cal_sync9 TEXT,cal_sync10 TEXT);
INSERT INTO Calendars VALUES(1,'dicl.skku@gmail.com','com.google',NULL,NULL,NULL,'Holidays in South Korea','Holidays in South Korea',-15292571,'8',200,1,1,NULL,'Asia/Seoul','en.south_korea#holiday@group.v.calendar.google.com',0,1,1,1,5,'0,1,2','0,1','0,1,2',0,'en.south_korea#holiday@group.v.calendar.google.com',NULL,NULL,'1','0',NULL,NULL,'1641539095655',NULL,NULL);
INSERT INTO Calendars VALUES(2,'dicl.skku@gmail.com','com.google',NULL,NULL,NULL,'생일','생일',-7151168,'13',200,0,0,NULL,'Asia/Seoul','addressbook#contacts@group.v.calendar.google.com',0,1,1,1,5,'0,1,2','0,1','0,1,2',0,'addressbook#contacts@group.v.calendar.google.com',NULL,NULL,'1','0',NULL,NULL,'1641539095657',NULL,NULL);
INSERT INTO Calendars VALUES(3,'dicl.skku@gmail.com','com.google',NULL,NULL,NULL,'대한민국의 휴일','대한민국의 휴일',-15292571,'8',200,1,1,NULL,'Asia/Seoul','ko.south_korea#holiday@group.v.calendar.google.com',0,1,1,1,5,'0,1,2','0,1','0,1,2',0,'ko.south_korea#holiday@group.v.calendar.google.com',NULL,NULL,'1','0',NULL,NULL,'1641539095659',NULL,NULL);
INSERT INTO Calendars VALUES(4,'dicl.skku@gmail.com','com.google',NULL,NULL,NULL,'dicl.skku@gmail.com','dicl.skku@gmail.com',-6299161,'14',700,1,1,NULL,'Asia/Seoul','dicl.skku@gmail.com',1,1,1,1,5,'0,1,2','0,1','0,1,2',0,'dicl.skku@gmail.com',NULL,NULL,'1','0',NULL,NULL,'1641539096095','0',NULL);
CREATE TABLE Events (_id INTEGER PRIMARY KEY AUTOINCREMENT,_sync_id TEXT,dirty INTEGER,mutators TEXT,lastSynced INTEGER DEFAULT 0,calendar_id INTEGER NOT NULL,title TEXT,eventLocation TEXT,description TEXT,eventColor INTEGER,eventColor_index TEXT,eventStatus INTEGER,selfAttendeeStatus INTEGER NOT NULL DEFAULT 0,dtstart INTEGER,dtend INTEGER,eventTimezone TEXT,duration TEXT,allDay INTEGER NOT NULL DEFAULT 0,accessLevel INTEGER NOT NULL DEFAULT 0,availability INTEGER NOT NULL DEFAULT 0,hasAlarm INTEGER NOT NULL DEFAULT 0,hasExtendedProperties INTEGER NOT NULL DEFAULT 0,rrule TEXT,rdate TEXT,exrule TEXT,exdate TEXT,original_id INTEGER,original_sync_id TEXT,originalInstanceTime INTEGER,originalAllDay INTEGER,lastDate INTEGER,hasAttendeeData INTEGER NOT NULL DEFAULT 0,guestsCanModify INTEGER NOT NULL DEFAULT 0,guestsCanInviteOthers INTEGER NOT NULL DEFAULT 1,guestsCanSeeGuests INTEGER NOT NULL DEFAULT 1,organizer STRING,isOrganizer INTEGER,deleted INTEGER NOT NULL DEFAULT 0,eventEndTimezone TEXT,customAppPackage TEXT,customAppUri TEXT,uid2445 TEXT,sync_data1 TEXT,sync_data2 TEXT,sync_data3 TEXT,sync_data4 TEXT,sync_data5 TEXT,sync_data6 TEXT,sync_data7 TEXT,sync_data8 TEXT,sync_data9 TEXT,sync_data10 TEXT);
INSERT INTO Events VALUES(1,'20210212_6akvhtqua6gi0dvmt6i0e6v58c',0,NULL,0,3,'설날','','공휴일',NULL,NULL,1,0,1613088000000,1613174400000,'UTC',NULL,1,3,1,0,0,NULL,NULL,NULL,NULL,NULL,NULL,NULL,NULL,1613174400000,1,0,1,1,'ko.south_korea#holiday@group.v.calendar.google.com',NULL,0,NULL,NULL,NULL,NULL,'20210212_6akvhtqua6gi0dvmt6i0e6v58c@google.com','0',NULL,'"3259939485944000"','2021-08-26T09:22:22.972Z',NULL,NULL,NULL,'0',NULL);
INSERT INTO Events VALUES(2,'20210213_mpqqb0ski0uq6u0qn2tuvsq4d4',0,NULL,0,3,'설날 연휴','','공휴일',NULL,NULL,1,0,1613174400000,1613260800000,'UTC',NULL,1,3,1,0,0,NULL,NULL,NULL,NULL,NULL,NULL,NULL,NULL,1613260800000,1,0,1,1,'ko.south_korea#holiday@group.v.calendar.google.com',NULL,0,NULL,NULL,NULL,NULL,'20210213_mpqqb0ski0uq6u0qn2tuvsq4d4@google.com','0',NULL,'"3259939485944000"','2021-08-26T09:22:22.972Z',NULL,NULL,NULL,'0',NULL);
INSERT INTO Events VALUES(3,'20210508_t7d9jo55noqt5npj8sbdol49dg',0,NULL,0,3,'어버이날','',replace('기념일\n기념일을 숨기려면 Google Calendar 설정 > 대한민국의 휴일 캘린더로 이동하세요.','\n',char(10)),NULL,NULL,1,0,1620432000000,1620518400000,'UTC',NULL,1,3,1,0,0,NULL,NULL,NULL,NULL,NULL,NULL,NULL,NULL,1620518400000,1,0,1,1,'ko.south_korea#holiday@group.v.calendar.google.com',NULL,0,NULL,NULL,NULL,NULL,'20210508_t7d9jo55noqt5npj8sbdol49dg@google.com','0',NULL,'"3259939485944000"','2021-08-26T09:22:22.972Z',NULL,NULL,NULL,'0',NULL);
INSERT INTO Events VALUES(4,'20221231_updi5egcfq5vdn8uu64umfme3s',0,NULL,0,3,'섣달 그믐날','',replace('기념일\n기념일을 숨기려면 Google Calendar 설정 > 대한민국의 휴일 캘린더로 이동하세요.','\n',char(10)),NULL,NULL,1,0,1672444800000,1672531200000,'UTC',NULL,1,3,1,0,0,NULL,NULL,NULL,NULL,NULL,NULL,NULL,NULL,1672531200000,1,0,1,1,'ko.south_korea#holiday@group.v.calendar.google.com',NULL,0,NULL,NULL,NULL,NULL,'20221231_updi5egcfq5vdn8uu64umfme3s@google.com','0',NULL,'"3259939485944000"','2021-08-26T09:22:22.972Z',NULL,NULL,NULL,'0',NULL);
INSERT INTO Events VALUES(5,'20210922_uui4929ad6ruuhc5spcsi7mn90',0,NULL,0,3,'추석 연휴','','공휴일',NULL,NULL,1,0,1632268800000,1632355200000,'UTC',NULL,1,3,1,0,0,NULL,NULL,NULL,NULL,NULL,NULL,NULL,NULL,1632355200000,1,0,1,1,'ko.south_korea#holiday@group.v.calendar.google.com',NULL,0,NULL,NULL,NULL,NULL,'20210922_uui4929ad6ruuhc5spcsi7mn90@google.com','0',NULL,'"3259939493218000"','2021-08-26T09:22:26.609Z',NULL,NULL,NULL,'0',NULL);
INSERT INTO Events VALUES(6,'20211001_m7bmqq93a9idobt9v6534kl1g4',0,NULL,0,3,'국군의날','',replace('기념일\n기념일을 숨기려면 Google Calendar 설정 > 대한민국의 휴일 캘린더로 이동하세요.','\n',char(10)),NULL,NULL,1,0,1633046400000,1633132800000,'UTC',NULL,1,3,1,0,0,NULL,NULL,NULL,NULL,NULL,NULL,NULL,NULL,1633132800000,1,0,1,1,'ko.south_korea#holiday@group.v.calendar.google.com',NULL,0,NULL,NULL,NULL,NULL,'20211001_m7bmqq93a9idobt9v6534kl1g4@google.com','0',NULL,'"3259939493218000"','2021-08-26T09:22:26.609Z',NULL,NULL,NULL,'0',NULL);
INSERT INTO Events VALUES(7,'20211003_bfusafj3154af0g2rgsat94q9k',0,NULL,0,3,'개천절','','공휴일',NULL,NULL,1,0,1633219200000,1633305600000,'UTC',NULL,1,3,1,0,0,NULL,NULL,NULL,NULL,NULL,NULL,NULL,NULL,1633305600000,1,0,1,1,'ko.south_korea#holiday@group.v.calendar.google.com',NULL,0,NULL,NULL,NULL,NULL,'20211003_bfusafj3154af0g2rgsat94q9k@google.com','0',NULL,'"3259939493218000"','2021-08-26T09:22:26.609Z',NULL,NULL,NULL,'0',NULL);
INSERT INTO Events VALUES(8,'20211231_vlb14vhndlb28gsasoobmrire0',0,NULL,0,3,'섣달 그믐날','',replace('기념일\n기념일을 숨기려면 Google Calendar 설정 > 대한민국의 휴일 캘린더로 이동하세요.','\n',char(10)),NULL,NULL,1,0,1640908800000,1640995200000,'UTC',NULL,1,3,1,0,0,NULL,NULL,NULL,NULL,NULL,NULL,NULL,NULL,1640995200000,1,0,1,1,'ko.south_korea#holiday@group.v.calendar.google.com',NULL,0,NULL,NULL,NULL,NULL,'20211231_vlb14vhndlb28gsasoobmrire0@google.com','0',NULL,'"3259939493218000"','2021-08-26T09:22:26.609Z',NULL,NULL,NULL,'0',NULL);
INSERT INTO Events VALUES(9,'20220909_m4la466idihusc1u66ft73t664',0,NULL,0,3,'추석 연휴','','공휴일',NULL,NULL,1,0,1662681600000,1662768000000,'UTC',NULL,1,3,1,0,0,NULL,NULL,NULL,NULL,NULL,NULL,NULL,NULL,1662768000000,1,0,1,1,'ko.south_korea#holiday@group.v.calendar.google.com',NULL,0,NULL,NULL,NULL,NULL,'20220909_m4la466idihusc1u66ft73t664@google.com','0',NULL,'"3259939493218000"','2021-08-26T09:22:26.609Z',NULL,NULL,NULL,'0',NULL);
INSERT INTO Events VALUES(10,'20210405_j2p792s0m2tdfl0dtqr6hpj0tc',0,NULL,0,3,'식목일','',replace('기념일\n기념일을 숨기려면 Google Calendar 설정 > 대한민국의 휴일 캘린더로 이동하세요.','\n',char(10)),NULL,NULL,1,0,1617580800000,1617667200000,'UTC',NULL,1,3,1,0,0,NULL,NULL,NULL,NULL,NULL,NULL,NULL,NULL,1617667200000,1,0,1,1,'ko.south_korea#holiday@group.v.calendar.google.com',NULL,0,NULL,NULL,NULL,NULL,'20210405_j2p792s0m2tdfl0dtqr6hpj0tc@google.com','0',NULL,'"3259939498348000"','2021-08-26T09:22:29.174Z',NULL,NULL,NULL,'0',NULL);
INSERT INTO Events VALUES(11,'20210606_kifb4kgstchjfqr8k6chsqkstc',0,NULL,0,3,'현충일','','공휴일',NULL,NULL,1,0,1622937600000,1623024000000,'UTC',NULL,1,3,1,0,0,NULL,NULL,NULL,NULL,NULL,NULL,NULL,NULL,1623024000000,1,0,1,1,'ko.south_korea#holiday@group.v.calendar.google.com',NULL,0,NULL,NULL,NULL,NULL,'20210606_kifb4kgstchjfqr8k6chsqkstc@google.com','0',NULL,'"3259939498348000"','2021-08-26T09:22:29.174Z',NULL,NULL,NULL,'0',NULL);
INSERT INTO Events VALUES(12,'20210920_3itnsujiucpl3cm5crukji4q6o',0,NULL,0,3,'추석 연휴','','공휴일',NULL,NULL,1,0,1632096000000,1632182400000,'UTC',NULL,1,3,1,0,0,NULL,NULL,NULL,NULL,NULL,NULL,NULL,NULL,1632182400000,1,0,1,1,'ko.south_korea#holiday@group.v.calendar.google.com',NULL,0,NULL,NULL,NULL,NULL,'20210920_3itnsujiucpl3cm5crukji4q6o@google.com','0',NULL,'"3259939498348000"','2021-08-26T09:22:29.174Z',NULL,NULL,NULL,'0',NULL);
INSERT INTO Events VALUES(13,'20210921_rvpu1e8m6phe5i4sqh22l5s1c4',0,NULL,0,3,'추석','','공휴일',NULL,NULL,1,0,1632182400000,1632268800000,'UTC',NULL,1,3,1,0,0,NULL,NULL,NULL,NULL,NULL,NULL,NULL,NULL,1632268800000,1,0,1,1,'ko.south_korea#holiday@group.v.calendar.google.com',NULL,0,NULL,NULL,NULL,NULL,'20210921_rvpu1e8m6phe5i4sqh22l5s1c4@google.com','0',NULL,'"3259939498348000"','2021-08-26T09:22:29.174Z',NULL,NULL,NULL,'0',NULL);
INSERT INTO Events VALUES(14,'20211009_tfn8ndvl29s23pc2mif0f9bbdk',0,NULL,0,3,'한글날','','공휴일',NULL,NULL,1,0,1633737600000,1633824000000,'UTC',NULL,1,3,1,0,0,NULL,NULL,NULL,NULL,NULL,NULL,NULL,NULL,1633824000000,1,0,1,1,'ko.south_korea#holiday@group.v.calendar.google.com',NULL,0,NULL,NULL,NULL,NULL,'20211009_tfn8ndvl29s23pc2mif0f9bbdk@google.com','0',NULL,'"3259939498348000"','2021-08-26T09:22:29.174Z',NULL,NULL,NULL,'0',NULL);
INSERT INTO Events VALUES(15,'20211225_pqojn4dd49196nv7bjif5lodu8',0,NULL,0,3,'크리스마스','','공휴일',NULL,NULL,1,0,1640390400000,1640476800000,'UTC',NULL,1,3,1,0,0,NULL,NULL,NULL,NULL,NULL,NULL,NULL,NULL,1640476800000,1,0,1,1,'ko.south_korea#holiday@group.v.calendar.google.com',NULL,0,NULL,NULL,NULL,NULL,'20211225_pqojn4dd49196nv7bjif5lodu8@google.com','0',NULL,'"3259939498348000"','2021-08-26T09:22:29.174Z',NULL,NULL,NULL,'0',NULL);
INSERT INTO Events VALUES(16,'20220201_eka8k31ihkm07sa2gf8rhvaq3o',0,NULL,0,3,'설날','','공휴일',NULL,NULL,1,0,1643673600000,1643760000000,'UTC',NULL,1,3,1,0,0,NULL,NULL,NULL,NULL,NULL,NULL,NULL,NULL,1643760000000,1,0,1,1,'ko.south_korea#holiday@group.v.calendar.google.com',NULL,0,NULL,NULL,NULL,NULL,'20220201_eka8k31ihkm07sa2gf8rhvaq3o@google.com','0',NULL,'"3259939498348000"','2021-08-26T09:22:29.174Z',NULL,NULL,NULL,'0',NULL);
INSERT INTO Events VALUES(17,'20220301_d806qgetv02g3nnbud0186vb6s',0,NULL,0,3,'삼일절','','공휴일',NULL,NULL,1,0,1646092800000,1646179200000,'UTC',NULL,1,3,1,0,0,NULL,NULL,NULL,NULL,NULL,NULL,NULL,NULL,1646179200000,1,0,1,1,'ko.south_korea#holiday@group.v.calendar.google.com',NULL,0,NULL,NULL,NULL,NULL,'20220301_d806qgetv02g3nnbud0186vb6s@google.com','0',NULL,'"3259939498348000"','2021-08-26T09:22:29.174Z',NULL,NULL,NULL,'0',NULL);
INSERT INTO Events VALUES(18,'20220515_p61ksk80g3jdfti8bbecoobkp8',0,NULL,0,3,'스승의날','',replace('기념일\n기념일을 숨기려면 Google Calendar 설정 > 대한민국의 휴일 캘린더로 이동하세요.','\n',char(10)),NULL,NULL,1,0,1652572800000,1652659200000,'UTC',NULL,1,3,1,0,0,NULL,NULL,NULL,NULL,NULL,NULL,NULL,NULL,1652659200000,1,0,1,1,'ko.south_korea#holiday@group.v.calendar.google.com',NULL,0,NULL,NULL,NULL,NULL,'20220515_p61ksk80g3jdfti8bbecoobkp8@google.com','0',NULL,'"3259939498348000"','2021-08-26T09:22:29.174Z',NULL,NULL,NULL,'0',NULL);
INSERT INTO Events VALUES(19,'20220717_14oq97fbvlsb331t3mc4ueckb4',0,NULL,0,3,'제헌절','',replace('기념일\n기념일을 숨기려면 Google Calendar 설정 > 대한민국의 휴일 캘린더로 이동하세요.','\n',char(10)),NULL,NULL,1,0,1658016000000,1658102400000,'UTC',NULL,1,3,1,0,0,NULL,NULL,NULL,NULL,NULL,NULL,NULL,NULL,1658102400000,1,0,1,1,'ko.south_korea#holiday@group.v.calendar.google.com',NULL,0,NULL,NULL,NULL,NULL,'20220717_14oq97fbvlsb331t3mc4ueckb4@google.com','0',NULL,'"3259939498348000"','2021-08-26T09:22:29.174Z',NULL,NULL,NULL,'0',NULL);
INSERT INTO Events VALUES(20,'20220911_rukr1tjaaum09rs0tjuav2ibh0',0,NULL,0,3,'추석 연휴','','공휴일',NULL,NULL,1,0,1662854400000,1662940800000,'UTC',NULL,1,3,1,0,0,NULL,NULL,NULL,NULL,NULL,NULL,NULL,NULL,1662940800000,1,0,1,1,'ko.south_korea#holiday@group.v.calendar.google.com',NULL,0,NULL,NULL,NULL,NULL,'20220911_rukr1tjaaum09rs0tjuav2ibh0@google.com','0',NULL,'"3259939498348000"','2021-08-26T09:22:29.174Z',NULL,NULL,NULL,'0',NULL);
INSERT INTO Events VALUES(21,'20221003_ng0ljnd3d525944vcviavf6610',0,NULL,0,3,'개천절','','공휴일',NULL,NULL,1,0,1664755200000,1664841600000,'UTC',NULL,1,3,1,0,0,NULL,NULL,NULL,NULL,NULL,NULL,NULL,NULL,1664841600000,1,0,1,1,'ko.south_korea#holiday@group.v.calendar.google.com',NULL,0,NULL,NULL,NULL,NULL,'20221003_ng0ljnd3d525944vcviavf6610@google.com','0',NULL,'"3259939498348000"','2021-08-26T09:22:29.174Z',NULL,NULL,NULL,'0',NULL);
INSERT INTO Events VALUES(22,'20221225_0ivlnhomtie2i49alp1h747vig',0,NULL,0,3,'크리스마스','','공휴일',NULL,NULL,1,0,1671926400000,1672012800000,'UTC',NULL,1,3,1,0,0,NULL,NULL,NULL,NULL,NULL,NULL,NULL,NULL,1672012800000,1,0,1,1,'ko.south_korea#holiday@group.v.calendar.google.com',NULL,0,NULL,NULL,NULL,NULL,'20221225_0ivlnhomtie2i49alp1h747vig@google.com','0',NULL,'"3259939498348000"','2021-08-26T09:22:29.174Z',NULL,NULL,NULL,'0',NULL);
INSERT INTO Events VALUES(23,'20210301_jvq7nfros5cbn78ouftl05kjqc',0,NULL,0,3,'삼일절','','공휴일',NULL,NULL,1,0,1614556800000,1614643200000,'UTC',NULL,1,3,1,0,0,NULL,NULL,NULL,NULL,NULL,NULL,NULL,NULL,1614643200000,1,0,1,1,'ko.south_korea#holiday@group.v.calendar.google.com',NULL,0,NULL,NULL,NULL,NULL,'20210301_jvq7nfros5cbn78ouftl05kjqc@google.com','0',NULL,'"3259939501266000"','2021-08-26T09:22:30.633Z',NULL,NULL,NULL,'0',NULL);
INSERT INTO Events VALUES(24,'20210717_v7sitjnasot8k4rv999dj4tmhk',0,NULL,0,3,'제헌절','',replace('기념일\n기념일을 숨기려면 Google Calendar 설정 > 대한민국의 휴일 캘린더로 이동하세요.','\n',char(10)),NULL,NULL,1,0,1626480000000,1626566400000,'UTC',NULL,1,3,1,0,0,NULL,NULL,NULL,NULL,NULL,NULL,NULL,NULL,1626566400000,1,0,1,1,'ko.south_korea#holiday@group.v.calendar.google.com',NULL,0,NULL,NULL,NULL,NULL,'20210717_v7sitjnasot8k4rv999dj4tmhk@google.com','0',NULL,'"3259939501266000"','2021-08-26T09:22:30.633Z',NULL,NULL,NULL,'0',NULL);
INSERT INTO Events VALUES(25,'20210815_jnsils4nscn9qm84h2embbmp94',0,NULL,0,3,'광복절','','공휴일',NULL,NULL,1,0,1628985600000,1629072000000,'UTC',NULL,1,3,1,0,0,NULL,NULL,NULL,NULL,NULL,NULL,NULL,NULL,1629072000000,1,0,1,1,'ko.south_korea#holiday@group.v.calendar.google.com',NULL,0,NULL,NULL,NULL,NULL,'20210815_jnsils4nscn9qm84h2embbmp94@google.com','0',NULL,'"3259939501266000"','2021-08-26T09:22:30.633Z',NULL,NULL,NULL,'0',NULL);
INSERT INTO Events VALUES(26,'20210816_jit2t5o6ki20ms7ch99gp11264',0,NULL,0,3,'쉬는 날 광복절','','공휴일',NULL,NULL,1,0,1629072000000,1629158400000,'UTC',NULL,1,3,1,0,0,NULL,NULL,NULL,NULL,NULL,NULL,NULL,NULL,1629158400000,1,0,1,1,'ko.south_korea#holiday@group.v.calendar.google.com',NULL,0,NULL,NULL,NULL,NULL,'20210816_jit2t5o6ki20ms7ch99gp11264@google.com','0',NULL,'"3259939501266000"','2021-08-26T09:22:30.633Z',NULL,NULL,NULL,'0',NULL);
INSERT INTO Events VALUES(27,'20211004_oot69rv915l6nco7nfdhu0b864',0,NULL,0,3,'쉬는 날 개천절','','공휴일',NULL,NULL,1,0,1633305600000,1633392000000,'UTC',NULL,1,3,1,0,0,NULL,NULL,NULL,NULL,NULL,NULL,NULL,NULL,1633392000000,1,0,1,1,'ko.south_korea#holiday@group.v.calendar.google.com',NULL,0,NULL,NULL,NULL,NULL,'20211004_oot69rv915l6nco7nfdhu0b864@google.com','0',NULL,'"3259939501266000"','2021-08-26T09:22:30.633Z',NULL,NULL,NULL,'0',NULL);
INSERT INTO Events VALUES(28,'20211011_0626ap6ro243mbskefmi2d4o74',0,NULL,0,3,'쉬는 날 한글날','','공휴일',NULL,NULL,1,0,1633910400000,1633996800000,'UTC',NULL,1,3,1,0,0,NULL,NULL,NULL,NULL,NULL,NULL,NULL,NULL,1633996800000,1,0,1,1,'ko.south_korea#holiday@group.v.calendar.google.com',NULL,0,NULL,NULL,NULL,NULL,'20211011_0626ap6ro243mbskefmi2d4o74@google.com','0',NULL,'"3259939501266000"','2021-08-26T09:22:30.633Z',NULL,NULL,NULL,'0',NULL);
INSERT INTO Events VALUES(29,'20220202_23vjgt17f63ekp9unjnrb45dpc',0,NULL,0,3,'설날 연휴','','공휴일',NULL,NULL,1,0,1643760000000,1643846400000,'UTC',NULL,1,3,1,0,0,NULL,NULL,NULL,NULL,NULL,NULL,NULL,NULL,1643846400000,1,0,1,1,'ko.south_korea#holiday@group.v.calendar.google.com',NULL,0,NULL,NULL,NULL,NULL,'20220202_23vjgt17f63ekp9unjnrb45dpc@google.com','0',NULL,'"3259939501266000"','2021-08-26T09:22:30.633Z',NULL,NULL,NULL,'0',NULL);
INSERT INTO Events VALUES(30,'20220606_r4ivg4hbtu10tahlskftmtt5r0',0,NULL,0,3,'현충일','','공휴일',NULL,NULL,1,0,1654473600000,1654560000000,'UTC',NULL,1,3,1,0,0,NULL,NULL,NULL,NULL,NULL,NULL,NULL,NULL,1654560000000,1,0,1,1,'ko.south_korea#holiday@group.v.calendar.google.com',NULL,0,NULL,NULL,NULL,NULL,'20220606_r4ivg4hbtu10tahlskftmtt5r0@google.com','0',NULL,'"3259939501266000"','2021-08-26T09:22:30.633Z',NULL,NULL,NULL,'0',NULL);
INSERT INTO Events VALUES(31,'20220815_j0jh4l7d41sa8hpvipcakg3c4s',0,NULL,0,3,'광복절','','공휴일',NULL,NULL,1,0,1660521600000,1660608000000,'UTC',NULL,1,3,1,0,0,NULL,NULL,NULL,NULL,NULL,NULL,NULL,NULL,1660608000000,1,0,1,1,'ko.south_korea#holiday@group.v.calendar.google.com',NULL,0,NULL,NULL,NULL,NULL,'20220815_j0jh4l7d41sa8hpvipcakg3c4s@google.com','0',NULL,'"3259939501266000"','2021-08-26T09:22:30.633Z',NULL,NULL,NULL,'0',NULL);
INSERT INTO Events VALUES(32,'20230122_vrf9odtdjr7qfhf3f3e3ivhmn0',0,NULL,0,3,'설날 연휴','','공휴일',NULL,NULL,1,0,1674345600000,1674432000000,'UTC',NULL,1,3,1,0,0,NULL,NULL,NULL,NULL,NULL,NULL,NULL,NULL,1674432000000,1,0,1,1,'ko.south_korea#holiday@group.v.calendar.google.com',NULL,0,NULL,NULL,NULL,NULL,'20230122_vrf9odtdjr7qfhf3f3e3ivhmn0@google.com','0',NULL,'"3259939501266000"','2021-08-26T09:22:30.633Z',NULL,NULL,NULL,'0',NULL);
INSERT INTO Events VALUES(33,'20230123_vhqhodlqdli4p7q2llig4lelc0',0,NULL,0,3,'설날 연휴','','공휴일',NULL,NULL,1,0,1674432000000,1674518400000,'UTC',NULL,1,3,1,0,0,NULL,NULL,NULL,NULL,NULL,NULL,NULL,NULL,1674518400000,1,0,1,1,'ko.south_korea#holiday@group.v.calendar.google.com',NULL,0,NULL,NULL,NULL,NULL,'20230123_vhqhodlqdli4p7q2llig4lelc0@google.com','0',NULL,'"3259939501266000"','2021-08-26T09:22:30.633Z',NULL,NULL,NULL,'0',NULL);
INSERT INTO Events VALUES(34,'20210212_92h25rrf13evph2rrr8rf8luo0',0,NULL,0,3,'설날 연휴','','공휴일',NULL,NULL,1,0,1613088000000,1613174400000,'UTC',NULL,1,3,1,0,0,NULL,NULL,NULL,NULL,NULL,NULL,NULL,NULL,1613174400000,1,0,1,1,'ko.south_korea#holiday@group.v.calendar.google.com',NULL,0,NULL,NULL,NULL,NULL,'20210212_92h25rrf13evph2rrr8rf8luo0@google.com','0',NULL,'"3259939504870000"','2021-08-26T09:22:32.435Z',NULL,NULL,NULL,'0',NULL);
INSERT INTO Events VALUES(35,'20210505_bnf5pf5u2o76p7vhf9j6ub7b4g',0,NULL,0,3,'어린이날','','공휴일',NULL,NULL,1,0,1620172800000,1620259200000,'UTC',NULL,1,3,1,0,0,NULL,NULL,NULL,NULL,NULL,NULL,NULL,NULL,1620259200000,1,0,1,1,'ko.south_korea#holiday@group.v.calendar.google.com',NULL,0,NULL,NULL,NULL,NULL,'20210505_bnf5pf5u2o76p7vhf9j6ub7b4g@google.com','0',NULL,'"3259939504870000"','2021-08-26T09:22:32.435Z',NULL,NULL,NULL,'0',NULL);
INSERT INTO Events VALUES(36,'20210515_0rp49ituiin0ldji2beduvsnk8',0,NULL,0,3,'스승의날','',replace('기념일\n기념일을 숨기려면 Google Calendar 설정 > 대한민국의 휴일 캘린더로 이동하세요.','\n',char(10)),NULL,NULL,1,0,1621036800000,1621123200000,'UTC',NULL,1,3,1,0,0,NULL,NULL,NULL,NULL,NULL,NULL,NULL,NULL,1621123200000,1,0,1,1,'ko.south_korea#holiday@group.v.calendar.google.com',NULL,0,NULL,NULL,NULL,NULL,'20210515_0rp49ituiin0ldji2beduvsnk8@google.com','0',NULL,'"3259939504870000"','2021-08-26T09:22:32.435Z',NULL,NULL,NULL,'0',NULL);
INSERT INTO Events VALUES(37,'20211224_l78s1l18ej6m8mdnpu5bm0vshs',0,NULL,0,3,'크리스마스 이브','',replace('기념일\n기념일을 숨기려면 Google Calendar 설정 > 대한민국의 휴일 캘린더로 이동하세요.','\n',char(10)),NULL,NULL,1,0,1640304000000,1640390400000,'UTC',NULL,1,3,1,0,0,NULL,NULL,NULL,NULL,NULL,NULL,NULL,NULL,1640390400000,1,0,1,1,'ko.south_korea#holiday@group.v.calendar.google.com',NULL,0,NULL,NULL,NULL,NULL,'20211224_l78s1l18ej6m8mdnpu5bm0vshs@google.com','0',NULL,'"3259939504870000"','2021-08-26T09:22:32.435Z',NULL,NULL,NULL,'0',NULL);
INSERT INTO Events VALUES(38,'20220505_kgbli46lq5grmh3vu7etn9me4s',0,NULL,0,3,'어린이날','','공휴일',NULL,NULL,1,0,1651708800000,1651795200000,'UTC',NULL,1,3,1,0,0,NULL,NULL,NULL,NULL,NULL,NULL,NULL,NULL,1651795200000,1,0,1,1,'ko.south_korea#holiday@group.v.calendar.google.com',NULL,0,NULL,NULL,NULL,NULL,'20220505_kgbli46lq5grmh3vu7etn9me4s@google.com','0',NULL,'"3259939504870000"','2021-08-26T09:22:32.435Z',NULL,NULL,NULL,'0',NULL);
INSERT INTO Events VALUES(39,'20220910_6952f2ueb7m26evqa38q1copjo',0,NULL,0,3,'추석','','공휴일',NULL,NULL,1,0,1662768000000,1662854400000,'UTC',NULL,1,3,1,0,0,NULL,NULL,NULL,NULL,NULL,NULL,NULL,NULL,1662854400000,1,0,1,1,'ko.south_korea#holiday@group.v.calendar.google.com',NULL,0,NULL,NULL,NULL,NULL,'20220910_6952f2ueb7m26evqa38q1copjo@google.com','0',NULL,'"3259939504870000"','2021-08-26T09:22:32.435Z',NULL,NULL,NULL,'0',NULL);
INSERT INTO Events VALUES(40,'20221001_8bboosm4r4tiu0bl8tl48qc8m4',0,NULL,0,3,'국군의날','',replace('기념일\n기념일을 숨기려면 Google Calendar 설정 > 대한민국의 휴일 캘린더로 이동하세요.','\n',char(10)),NULL,NULL,1,0,1664582400000,1664668800000,'UTC',NULL,1,3,1,0,0,NULL,NULL,NULL,NULL,NULL,NULL,NULL,NULL,1664668800000,1,0,1,1,'ko.south_korea#holiday@group.v.calendar.google.com',NULL,0,NULL,NULL,NULL,NULL,'20221001_8bboosm4r4tiu0bl8tl48qc8m4@google.com','0',NULL,'"3259939504870000"','2021-08-26T09:22:32.435Z',NULL,NULL,NULL,'0',NULL);
INSERT INTO Events VALUES(41,'20221009_fea626t1kbg2nf0s75l6abd11k',0,NULL,0,3,'한글날','','공휴일',NULL,NULL,1,0,1665273600000,1665360000000,'UTC',NULL,1,3,1,0,0,NULL,NULL,NULL,NULL,NULL,NULL,NULL,NULL,1665360000000,1,0,1,1,'ko.south_korea#holiday@group.v.calendar.google.com',NULL,0,NULL,NULL,NULL,NULL,'20221009_fea626t1kbg2nf0s75l6abd11k@google.com','0',NULL,'"3259939504870000"','2021-08-26T09:22:32.435Z',NULL,NULL,NULL,'0',NULL);
INSERT INTO Events VALUES(42,'20221224_jqckfkqrrvqsvekkgs0av45s04',0,NULL,0,3,'크리스마스 이브','',replace('기념일\n기념일을 숨기려면 Google Calendar 설정 > 대한민국의 휴일 캘린더로 이동하세요.','\n',char(10)),NULL,NULL,1,0,1671840000000,1671926400000,'UTC',NULL,1,3,1,0,0,NULL,NULL,NULL,NULL,NULL,NULL,NULL,NULL,1671926400000,1,0,1,1,'ko.south_korea#holiday@group.v.calendar.google.com',NULL,0,NULL,NULL,NULL,NULL,'20221224_jqckfkqrrvqsvekkgs0av45s04@google.com','0',NULL,'"3259939504870000"','2021-08-26T09:22:32.435Z',NULL,NULL,NULL,'0',NULL);
INSERT INTO Events VALUES(43,'20230123_5rn70f0ki4hupv62sqgdangid0',0,NULL,0,3,'설날','','공휴일',NULL,NULL,1,0,1674432000000,1674518400000,'UTC',NULL,1,3,1,0,0,NULL,NULL,NULL,NULL,NULL,NULL,NULL,NULL,1674518400000,1,0,1,1,'ko.south_korea#holiday@group.v.calendar.google.com',NULL,0,NULL,NULL,NULL,NULL,'20230123_5rn70f0ki4hupv62sqgdangid0@google.com','0',NULL,'"3259939504870000"','2021-08-26T09:22:32.435Z',NULL,NULL,NULL,'0',NULL);
INSERT INTO Events VALUES(44,'20220405_cutt11kbvt9u2fnu4p6l5r7pv4',0,NULL,0,3,'식목일','',replace('기념일\n기념일을 숨기려면 Google Calendar 설정 > 대한민국의 휴일 캘린더로 이동하세요.','\n',char(10)),NULL,NULL,1,0,1649116800000,1649203200000,'UTC',NULL,1,3,1,0,0,NULL,NULL,NULL,NULL,NULL,NULL,NULL,NULL,1649203200000,1,0,1,1,'ko.south_korea#holiday@group.v.calendar.google.com',NULL,0,NULL,NULL,NULL,NULL,'20220405_cutt11kbvt9u2fnu4p6l5r7pv4@google.com','0',NULL,'"3259939508252000"','2021-08-26T09:22:34.126Z',NULL,NULL,NULL,'0',NULL);
INSERT INTO Events VALUES(45,'20220508_tolghjjfdsj1eupr2bitm3jr7o',0,NULL,0,3,'어버이날','',replace('기념일\n기념일을 숨기려면 Google Calendar 설정 > 대한민국의 휴일 캘린더로 이동하세요.','\n',char(10)),NULL,NULL,1,0,1651968000000,1652054400000,'UTC',NULL,1,3,1,0,0,NULL,NULL,NULL,NULL,NULL,NULL,NULL,NULL,1652054400000,1,0,1,1,'ko.south_korea#holiday@group.v.calendar.google.com',NULL,0,NULL,NULL,NULL,NULL,'20220508_tolghjjfdsj1eupr2bitm3jr7o@google.com','0',NULL,'"3259939508252000"','2021-08-26T09:22:34.126Z',NULL,NULL,NULL,'0',NULL);
INSERT INTO Events VALUES(46,'20210519_dqsil1lc7156hm0007dqitg4g4',0,NULL,0,3,'부처님오신날','','공휴일',NULL,NULL,1,0,1621382400000,1621468800000,'UTC',NULL,1,3,1,0,0,NULL,NULL,NULL,NULL,NULL,NULL,NULL,NULL,1621468800000,1,0,1,1,'ko.south_korea#holiday@group.v.calendar.google.com',NULL,0,NULL,NULL,NULL,NULL,'20210519_dqsil1lc7156hm0007dqitg4g4@google.com','0',NULL,'"3271864194834000"','2021-11-03T09:34:57.417Z',NULL,NULL,NULL,'0',NULL);
INSERT INTO Events VALUES(47,'20220101_0gtrl639s6p7mhukd7pa6nkk6s',0,NULL,0,3,'새해첫날','','공휴일',NULL,NULL,1,0,1640995200000,1641081600000,'UTC',NULL,1,3,1,0,0,NULL,NULL,NULL,NULL,NULL,NULL,NULL,NULL,1641081600000,1,0,1,1,'ko.south_korea#holiday@group.v.calendar.google.com',NULL,0,NULL,NULL,NULL,NULL,'20220101_0gtrl639s6p7mhukd7pa6nkk6s@google.com','0',NULL,'"3271864194834000"','2021-11-03T09:34:57.417Z',NULL,NULL,NULL,'0',NULL);
INSERT INTO Events VALUES(48,'20220508_710f7hs7onb2a3j2nj702nror4',0,NULL,0,3,'부처님오신날','','공휴일',NULL,NULL,1,0,1651968000000,1652054400000,'UTC',NULL,1,3,1,0,0,NULL,NULL,NULL,NULL,NULL,NULL,NULL,NULL,1652054400000,1,0,1,1,'ko.south_korea#holiday@group.v.calendar.google.com',NULL,0,NULL,NULL,NULL,NULL,'20220508_710f7hs7onb2a3j2nj702nror4@google.com','0',NULL,'"3271864194834000"','2021-11-03T09:34:57.417Z',NULL,NULL,NULL,'0',NULL);
INSERT INTO Events VALUES(49,'20230101_nj7e5qc5c6mi69hen2dts1g6k8',0,NULL,0,3,'새해첫날','','공휴일',NULL,NULL,1,0,1672531200000,1672617600000,'UTC',NULL,1,3,1,0,0,NULL,NULL,NULL,NULL,NULL,NULL,NULL,NULL,1672617600000,1,0,1,1,'ko.south_korea#holiday@group.v.calendar.google.com',NULL,0,NULL,NULL,NULL,NULL,'20230101_nj7e5qc5c6mi69hen2dts1g6k8@google.com','0',NULL,'"3271864194834000"','2021-11-03T09:34:57.417Z',NULL,NULL,NULL,'0',NULL);
INSERT INTO Events VALUES(50,'20220131_04qdv6kks1gsk0l2tkn979ugj8',0,NULL,0,3,'설날 연휴','','공휴일',NULL,NULL,1,0,1643587200000,1643673600000,'UTC',NULL,1,3,1,0,0,NULL,NULL,NULL,NULL,NULL,NULL,NULL,NULL,1643673600000,1,0,1,1,'ko.south_korea#holiday@group.v.calendar.google.com',NULL,0,NULL,NULL,NULL,NULL,'20220131_04qdv6kks1gsk0l2tkn979ugj8@google.com','0',NULL,'"3277220798882000"','2021-12-04T09:33:19.441Z',NULL,NULL,NULL,'0',NULL);
INSERT INTO Events VALUES(51,'20210301_gh36emhpr4dv6r4foa5fo3cja0',0,NULL,0,1,'Independence Movement Day','','Public holiday',NULL,NULL,1,0,1614556800000,1614643200000,'UTC',NULL,1,3,1,0,0,NULL,NULL,NULL,NULL,NULL,NULL,NULL,NULL,1614643200000,1,0,1,1,'en.south_korea#holiday@group.v.calendar.google.com',NULL,0,NULL,NULL,NULL,NULL,'20210301_gh36emhpr4dv6r4foa5fo3cja0@google.com','0',NULL,'"3259973260538000"','2021-08-26T14:03:50.269Z',NULL,NULL,NULL,'0',NULL);
INSERT INTO Events VALUES(52,'20210508_o3004vlh5f2psa0v94d16l7rr0',0,NULL,0,1,'Parents'' Day','',replace('Observance\nTo hide observances, go to Google Calendar Settings > Holidays in South Korea','\n',char(10)),NULL,NULL,1,0,1620432000000,1620518400000,'UTC',NULL,1,3,1,0,0,NULL,NULL,NULL,NULL,NULL,NULL,NULL,NULL,1620518400000,1,0,1,1,'en.south_korea#holiday@group.v.calendar.google.com',NULL,0,NULL,NULL,NULL,NULL,'20210508_o3004vlh5f2psa0v94d16l7rr0@google.com','0',NULL,'"3259973260538000"','2021-08-26T14:03:50.269Z',NULL,NULL,NULL,'0',NULL);
INSERT INTO Events VALUES(53,'20210815_al5t5b1bvcl35277tqmcagurt8',0,NULL,0,1,'Liberation Day','','Public holiday',NULL,NULL,1,0,1628985600000,1629072000000,'UTC',NULL,1,3,1,0,0,NULL,NULL,NULL,NULL,NULL,NULL,NULL,NULL,1629072000000,1,0,1,1,'en.south_korea#holiday@group.v.calendar.google.com',NULL,0,NULL,NULL,NULL,NULL,'20210815_al5t5b1bvcl35277tqmcagurt8@google.com','0',NULL,'"3259973260538000"','2021-08-26T14:03:50.269Z',NULL,NULL,NULL,'0',NULL);
INSERT INTO Events VALUES(54,'20211225_pc4788g9k5354c5nc0cr90jf1g',0,NULL,0,1,'Christmas Day','','Public holiday',NULL,NULL,1,0,1640390400000,1640476800000,'UTC',NULL,1,3,1,0,0,NULL,NULL,NULL,NULL,NULL,NULL,NULL,NULL,1640476800000,1,0,1,1,'en.south_korea#holiday@group.v.calendar.google.com',NULL,0,NULL,NULL,NULL,NULL,'20211225_pc4788g9k5354c5nc0cr90jf1g@google.com','0',NULL,'"3259973260538000"','2021-08-26T14:03:50.269Z',NULL,NULL,NULL,'0',NULL);
INSERT INTO Events VALUES(55,'20220405_imm3fbpjkrep3ng7t9g0m4gnfc',0,NULL,0,1,'Arbor Day','',replace('Observance\nTo hide observances, go to Google Calendar Settings > Holidays in South Korea','\n',char(10)),NULL,NULL,1,0,1649116800000,1649203200000,'UTC',NULL,1,3,1,0,0,NULL,NULL,NULL,NULL,NULL,NULL,NULL,NULL,1649203200000,1,0,1,1,'en.south_korea#holiday@group.v.calendar.google.com',NULL,0,NULL,NULL,NULL,NULL,'20220405_imm3fbpjkrep3ng7t9g0m4gnfc@google.com','0',NULL,'"3259973260538000"','2021-08-26T14:03:50.269Z',NULL,NULL,NULL,'0',NULL);
INSERT INTO Events VALUES(56,'20220606_ccvmo19gh7mut9r598ddpvb464',0,NULL,0,1,'Memorial Day','','Public holiday',NULL,NULL,1,0,1654473600000,1654560000000,'UTC',NULL,1,3,1,0,0,NULL,NULL,NULL,NULL,NULL,NULL,NULL,NULL,1654560000000,1,0,1,1,'en.south_korea#holiday@group.v.calendar.google.com',NULL,0,NULL,NULL,NULL,NULL,'20220606_ccvmo19gh7mut9r598ddpvb464@google.com','0',NULL,'"3259973260538000"','2021-08-26T14:03:50.269Z',NULL,NULL,NULL,'0',NULL);
INSERT INTO Events VALUES(57,'20220911_ut197rfj4igm1fgb36gio9202c',0,NULL,0,1,'Chuseok Holiday','','Public holiday',NULL,NULL,1,0,1662854400000,1662940800000,'UTC',NULL,1,3,1,0,0,NULL,NULL,NULL,NULL,NULL,NULL,NULL,NULL,1662940800000,1,0,1,1,'en.south_korea#holiday@group.v.calendar.google.com',NULL,0,NULL,NULL,NULL,NULL,'20220911_ut197rfj4igm1fgb36gio9202c@google.com','0',NULL,'"3259973260538000"','2021-08-26T14:03:50.269Z',NULL,NULL,NULL,'0',NULL);
INSERT INTO Events VALUES(58,'20230123_3o63tdtqs1cpjqlc3jp8lf7sq0',0,NULL,0,1,'Seollal Holiday','','Public holiday',NULL,NULL,1,0,1674432000000,1674518400000,'UTC',NULL,1,3,1,0,0,NULL,NULL,NULL,NULL,NULL,NULL,NULL,NULL,1674518400000,1,0,1,1,'en.south_korea#holiday@group.v.calendar.google.com',NULL,0,NULL,NULL,NULL,NULL,'20230123_3o63tdtqs1cpjqlc3jp8lf7sq0@google.com','0',NULL,'"3259973260538000"','2021-08-26T14:03:50.269Z',NULL,NULL,NULL,'0',NULL);
INSERT INTO Events VALUES(59,'20210212_0f6can7amffsdb37g0q1afpha0',0,NULL,0,1,'Seollal','','Public holiday',NULL,NULL,1,0,1613088000000,1613174400000,'UTC',NULL,1,3,1,0,0,NULL,NULL,NULL,NULL,NULL,NULL,NULL,NULL,1613174400000,1,0,1,1,'en.south_korea#holiday@group.v.calendar.google.com',NULL,0,NULL,NULL,NULL,NULL,'20210212_0f6can7amffsdb37g0q1afpha0@google.com','0',NULL,'"3259973265518000"','2021-08-26T14:03:52.759Z',NULL,NULL,NULL,'0',NULL);
INSERT INTO Events VALUES(60,'20210405_rr6h8olrgd40h21na27eofm7d4',0,NULL,0,1,'Arbor Day','',replace('Observance\nTo hide observances, go to Google Calendar Settings > Holidays in South Korea','\n',char(10)),NULL,NULL,1,0,1617580800000,1617667200000,'UTC',NULL,1,3,1,0,0,NULL,NULL,NULL,NULL,NULL,NULL,NULL,NULL,1617667200000,1,0,1,1,'en.south_korea#holiday@group.v.calendar.google.com',NULL,0,NULL,NULL,NULL,NULL,'20210405_rr6h8olrgd40h21na27eofm7d4@google.com','0',NULL,'"3259973265518000"','2021-08-26T14:03:52.759Z',NULL,NULL,NULL,'0',NULL);
INSERT INTO Events VALUES(61,'20210505_e7k0re6mfbf5p4kqir1s57bi9k',0,NULL,0,1,'Children''s Day','','Public holiday',NULL,NULL,1,0,1620172800000,1620259200000,'UTC',NULL,1,3,1,0,0,NULL,NULL,NULL,NULL,NULL,NULL,NULL,NULL,1620259200000,1,0,1,1,'en.south_korea#holiday@group.v.calendar.google.com',NULL,0,NULL,NULL,NULL,NULL,'20210505_e7k0re6mfbf5p4kqir1s57bi9k@google.com','0',NULL,'"3259973265518000"','2021-08-26T14:03:52.759Z',NULL,NULL,NULL,'0',NULL);
INSERT INTO Events VALUES(62,'20210922_kkdvek8qpv4nieuvq4r6c0099s',0,NULL,0,1,'Chuseok Holiday','','Public holiday',NULL,NULL,1,0,1632268800000,1632355200000,'UTC',NULL,1,3,1,0,0,NULL,NULL,NULL,NULL,NULL,NULL,NULL,NULL,1632355200000,1,0,1,1,'en.south_korea#holiday@group.v.calendar.google.com',NULL,0,NULL,NULL,NULL,NULL,'20210922_kkdvek8qpv4nieuvq4r6c0099s@google.com','0',NULL,'"3259973265518000"','2021-08-26T14:03:52.759Z',NULL,NULL,NULL,'0',NULL);
INSERT INTO Events VALUES(63,'20211224_bbj5kp5qn9ot8271b3pds85hgc',0,NULL,0,1,'Christmas Eve','',replace('Observance\nTo hide observances, go to Google Calendar Settings > Holidays in South Korea','\n',char(10)),NULL,NULL,1,0,1640304000000,1640390400000,'UTC',NULL,1,3,1,0,0,NULL,NULL,NULL,NULL,NULL,NULL,NULL,NULL,1640390400000,1,0,1,1,'en.south_korea#holiday@group.v.calendar.google.com',NULL,0,NULL,NULL,NULL,NULL,'20211224_bbj5kp5qn9ot8271b3pds85hgc@google.com','0',NULL,'"3259973265518000"','2021-08-26T14:03:52.759Z',NULL,NULL,NULL,'0',NULL);
INSERT INTO Events VALUES(64,'20220508_274fdjdqjkojdh0qcmh8g2brp0',0,NULL,0,1,'Buddha''s Birthday','','Public holiday',NULL,NULL,1,0,1651968000000,1652054400000,'UTC',NULL,1,3,1,0,0,NULL,NULL,NULL,NULL,NULL,NULL,NULL,NULL,1652054400000,1,0,1,1,'en.south_korea#holiday@group.v.calendar.google.com',NULL,0,NULL,NULL,NULL,NULL,'20220508_274fdjdqjkojdh0qcmh8g2brp0@google.com','0',NULL,'"3259973265518000"','2021-08-26T14:03:52.759Z',NULL,NULL,NULL,'0',NULL);
INSERT INTO Events VALUES(65,'20220815_ovmnb4236om6995vbhv4133jgg',0,NULL,0,1,'Liberation Day','','Public holiday',NULL,NULL,1,0,1660521600000,1660608000000,'UTC',NULL,1,3,1,0,0,NULL,NULL,NULL,NULL,NULL,NULL,NULL,NULL,1660608000000,1,0,1,1,'en.south_korea#holiday@group.v.calendar.google.com',NULL,0,NULL,NULL,NULL,NULL,'20220815_ovmnb4236om6995vbhv4133jgg@google.com','0',NULL,'"3259973265518000"','2021-08-26T14:03:52.759Z',NULL,NULL,NULL,'0',NULL);
INSERT INTO Events VALUES(66,'20220909_i7b0jin5viga1gc1vmj0bkvf50',0,NULL,0,1,'Chuseok Holiday','','Public holiday',NULL,NULL,1,0,1662681600000,1662768000000,'UTC',NULL,1,3,1,0,0,NULL,NULL,NULL,NULL,NULL,NULL,NULL,NULL,1662768000000,1,0,1,1,'en.south_korea#holiday@group.v.calendar.google.com',NULL,0,NULL,NULL,NULL,NULL,'20220909_i7b0jin5viga1gc1vmj0bkvf50@google.com','0',NULL,'"3259973265518000"','2021-08-26T14:03:52.759Z',NULL,NULL,NULL,'0',NULL);
INSERT INTO Events VALUES(67,'20221001_oiimdrmsrncm4qdq2rpeuc7dnk',0,NULL,0,1,'Armed Forces Day','',replace('Observance\nTo hide observances, go to Google Calendar Settings > Holidays in South Korea','\n',char(10)),NULL,NULL,1,0,1664582400000,1664668800000,'UTC',NULL,1,3,1,0,0,NULL,NULL,NULL,NULL,NULL,NULL,NULL,NULL,1664668800000,1,0,1,1,'en.south_korea#holiday@group.v.calendar.google.com',NULL,0,NULL,NULL,NULL,NULL,'20221001_oiimdrmsrncm4qdq2rpeuc7dnk@google.com','0',NULL,'"3259973265518000"','2021-08-26T14:03:52.759Z',NULL,NULL,NULL,'0',NULL);
INSERT INTO Events VALUES(68,'20221003_62uaeqt7jmeigegnrm994gldjg',0,NULL,0,1,'National Foundation Day','','Public holiday',NULL,NULL,1,0,1664755200000,1664841600000,'UTC',NULL,1,3,1,0,0,NULL,NULL,NULL,NULL,NULL,NULL,NULL,NULL,1664841600000,1,0,1,1,'en.south_korea#holiday@group.v.calendar.google.com',NULL,0,NULL,NULL,NULL,NULL,'20221003_62uaeqt7jmeigegnrm994gldjg@google.com','0',NULL,'"3259973265518000"','2021-08-26T14:03:52.759Z',NULL,NULL,NULL,'0',NULL);
INSERT INTO Events VALUES(69,'20221225_dm8p8smeshbs4bsdpvvpmhmnpc',0,NULL,0,1,'Christmas Day','','Public holiday',NULL,NULL,1,0,1671926400000,1672012800000,'UTC',NULL,1,3,1,0,0,NULL,NULL,NULL,NULL,NULL,NULL,NULL,NULL,1672012800000,1,0,1,1,'en.south_korea#holiday@group.v.calendar.google.com',NULL,0,NULL,NULL,NULL,NULL,'20221225_dm8p8smeshbs4bsdpvvpmhmnpc@google.com','0',NULL,'"3259973265518000"','2021-08-26T14:03:52.759Z',NULL,NULL,NULL,'0',NULL);
INSERT INTO Events VALUES(70,'20221231_3894qvpof7g1j72810qted0qh0',0,NULL,0,1,'New Year''s Eve','',replace('Observance\nTo hide observances, go to Google Calendar Settings > Holidays in South Korea','\n',char(10)),NULL,NULL,1,0,1672444800000,1672531200000,'UTC',NULL,1,3,1,0,0,NULL,NULL,NULL,NULL,NULL,NULL,NULL,NULL,1672531200000,1,0,1,1,'en.south_korea#holiday@group.v.calendar.google.com',NULL,0,NULL,NULL,NULL,NULL,'20221231_3894qvpof7g1j72810qted0qh0@google.com','0',NULL,'"3259973265518000"','2021-08-26T14:03:52.759Z',NULL,NULL,NULL,'0',NULL);
INSERT INTO Events VALUES(71,'20230101_v1v5ajvrbs00luui7t7n3vh9a4',0,NULL,0,1,'New Year''s Day','','Public holiday',NULL,NULL,1,0,1672531200000,1672617600000,'UTC',NULL,1,3,1,0,0,NULL,NULL,NULL,NULL,NULL,NULL,NULL,NULL,1672617600000,1,0,1,1,'en.south_korea#holiday@group.v.calendar.google.com',NULL,0,NULL,NULL,NULL,NULL,'20230101_v1v5ajvrbs00luui7t7n3vh9a4@google.com','0',NULL,'"3259973265518000"','2021-08-26T14:03:52.759Z',NULL,NULL,NULL,'0',NULL);
INSERT INTO Events VALUES(72,'20230123_7mpibav8u4sn5s65dmr0r6vuek',0,NULL,0,1,'Seollal','','Public holiday',NULL,NULL,1,0,1674432000000,1674518400000,'UTC',NULL,1,3,1,0,0,NULL,NULL,NULL,NULL,NULL,NULL,NULL,NULL,1674518400000,1,0,1,1,'en.south_korea#holiday@group.v.calendar.google.com',NULL,0,NULL,NULL,NULL,NULL,'20230123_7mpibav8u4sn5s65dmr0r6vuek@google.com','0',NULL,'"3259973265518000"','2021-08-26T14:03:52.759Z',NULL,NULL,NULL,'0',NULL);
INSERT INTO Events VALUES(73,'20210213_he7fmj8befsgkbqac6ldmhi9oo',0,NULL,0,1,'Seollal Holiday','','Public holiday',NULL,NULL,1,0,1613174400000,1613260800000,'UTC',NULL,1,3,1,0,0,NULL,NULL,NULL,NULL,NULL,NULL,NULL,NULL,1613260800000,1,0,1,1,'en.south_korea#holiday@group.v.calendar.google.com',NULL,0,NULL,NULL,NULL,NULL,'20210213_he7fmj8befsgkbqac6ldmhi9oo@google.com','0',NULL,'"3259973269060000"','2021-08-26T14:03:54.530Z',NULL,NULL,NULL,'0',NULL);
INSERT INTO Events VALUES(74,'20210816_p5bse5hpat7e2j07qbo30b0ur4',0,NULL,0,1,'Day off for Liberation Day','','Public holiday',NULL,NULL,1,0,1629072000000,1629158400000,'UTC',NULL,1,3,1,0,0,NULL,NULL,NULL,NULL,NULL,NULL,NULL,NULL,1629158400000,1,0,1,1,'en.south_korea#holiday@group.v.calendar.google.com',NULL,0,NULL,NULL,NULL,NULL,'20210816_p5bse5hpat7e2j07qbo30b0ur4@google.com','0',NULL,'"3259973269060000"','2021-08-26T14:03:54.530Z',NULL,NULL,NULL,'0',NULL);
INSERT INTO Events VALUES(75,'20210921_0ofbd17ge0at1c92ojs6sr9v90',0,NULL,0,1,'Chuseok','','Public holiday',NULL,NULL,1,0,1632182400000,1632268800000,'UTC',NULL,1,3,1,0,0,NULL,NULL,NULL,NULL,NULL,NULL,NULL,NULL,1632268800000,1,0,1,1,'en.south_korea#holiday@group.v.calendar.google.com',NULL,0,NULL,NULL,NULL,NULL,'20210921_0ofbd17ge0at1c92ojs6sr9v90@google.com','0',NULL,'"3259973269060000"','2021-08-26T14:03:54.530Z',NULL,NULL,NULL,'0',NULL);
INSERT INTO Events VALUES(76,'20211003_e4uqh5v8akl3orsf5n60icvo6s',0,NULL,0,1,'National Foundation Day','','Public holiday',NULL,NULL,1,0,1633219200000,1633305600000,'UTC',NULL,1,3,1,0,0,NULL,NULL,NULL,NULL,NULL,NULL,NULL,NULL,1633305600000,1,0,1,1,'en.south_korea#holiday@group.v.calendar.google.com',NULL,0,NULL,NULL,NULL,NULL,'20211003_e4uqh5v8akl3orsf5n60icvo6s@google.com','0',NULL,'"3259973269060000"','2021-08-26T14:03:54.530Z',NULL,NULL,NULL,'0',NULL);
INSERT INTO Events VALUES(77,'20211231_9561lcc2j7sankvl74icjibft4',0,NULL,0,1,'New Year''s Eve','',replace('Observance\nTo hide observances, go to Google Calendar Settings > Holidays in South Korea','\n',char(10)),NULL,NULL,1,0,1640908800000,1640995200000,'UTC',NULL,1,3,1,0,0,NULL,NULL,NULL,NULL,NULL,NULL,NULL,NULL,1640995200000,1,0,1,1,'en.south_korea#holiday@group.v.calendar.google.com',NULL,0,NULL,NULL,NULL,NULL,'20211231_9561lcc2j7sankvl74icjibft4@google.com','0',NULL,'"3259973269060000"','2021-08-26T14:03:54.530Z',NULL,NULL,NULL,'0',NULL);
INSERT INTO Events VALUES(78,'20220101_8g3c50286okcg96sf89um2fthk',0,NULL,0,1,'New Year''s Day','','Public holiday',NULL,NULL,1,0,1640995200000,1641081600000,'UTC',NULL,1,3,1,0,0,NULL,NULL,NULL,NULL,NULL,NULL,NULL,NULL,1641081600000,1,0,1,1,'en.south_korea#holiday@group.v.calendar.google.com',NULL,0,NULL,NULL,NULL,NULL,'20220101_8g3c50286okcg96sf89um2fthk@google.com','0',NULL,'"3259973269060000"','2021-08-26T14:03:54.530Z',NULL,NULL,NULL,'0',NULL);
INSERT INTO Events VALUES(79,'20220515_1h2j5s8jh2vrgt4b0sr7mlnj1c',0,NULL,0,1,'Teacher''s Day','',replace('Observance\nTo hide observances, go to Google Calendar Settings > Holidays in South Korea','\n',char(10)),NULL,NULL,1,0,1652572800000,1652659200000,'UTC',NULL,1,3,1,0,0,NULL,NULL,NULL,NULL,NULL,NULL,NULL,NULL,1652659200000,1,0,1,1,'en.south_korea#holiday@group.v.calendar.google.com',NULL,0,NULL,NULL,NULL,NULL,'20220515_1h2j5s8jh2vrgt4b0sr7mlnj1c@google.com','0',NULL,'"3259973269060000"','2021-08-26T14:03:54.530Z',NULL,NULL,NULL,'0',NULL);
INSERT INTO Events VALUES(80,'20220717_qpv6u1ptnpl4cn5c2cdv5dlqn4',0,NULL,0,1,'Constitution Day','',replace('Observance\nTo hide observances, go to Google Calendar Settings > Holidays in South Korea','\n',char(10)),NULL,NULL,1,0,1658016000000,1658102400000,'UTC',NULL,1,3,1,0,0,NULL,NULL,NULL,NULL,NULL,NULL,NULL,NULL,1658102400000,1,0,1,1,'en.south_korea#holiday@group.v.calendar.google.com',NULL,0,NULL,NULL,NULL,NULL,'20220717_qpv6u1ptnpl4cn5c2cdv5dlqn4@google.com','0',NULL,'"3259973269060000"','2021-08-26T14:03:54.530Z',NULL,NULL,NULL,'0',NULL);
INSERT INTO Events VALUES(81,'20221009_ba5c8j1atnrmjr21c1pa7se0ec',0,NULL,0,1,'Hangeul Proclamation Day','','Public holiday',NULL,NULL,1,0,1665273600000,1665360000000,'UTC',NULL,1,3,1,0,0,NULL,NULL,NULL,NULL,NULL,NULL,NULL,NULL,1665360000000,1,0,1,1,'en.south_korea#holiday@group.v.calendar.google.com',NULL,0,NULL,NULL,NULL,NULL,'20221009_ba5c8j1atnrmjr21c1pa7se0ec@google.com','0',NULL,'"3259973269060000"','2021-08-26T14:03:54.530Z',NULL,NULL,NULL,'0',NULL);
INSERT INTO Events VALUES(82,'20221224_83e5s5i9s4tt8sn7v62asd713k',0,NULL,0,1,'Christmas Eve','',replace('Observance\nTo hide observances, go to Google Calendar Settings > Holidays in South Korea','\n',char(10)),NULL,NULL,1,0,1671840000000,1671926400000,'UTC',NULL,1,3,1,0,0,NULL,NULL,NULL,NULL,NULL,NULL,NULL,NULL,1671926400000,1,0,1,1,'en.south_korea#holiday@group.v.calendar.google.com',NULL,0,NULL,NULL,NULL,NULL,'20221224_83e5s5i9s4tt8sn7v62asd713k@google.com','0',NULL,'"3259973269060000"','2021-08-26T14:03:54.530Z',NULL,NULL,NULL,'0',NULL);
INSERT INTO Events VALUES(83,'20210212_faugjg7t33tkm1pdvlnhg95vas',0,NULL,0,1,'Seollal Holiday','','Public holiday',NULL,NULL,1,0,1613088000000,1613174400000,'UTC',NULL,1,3,1,0,0,NULL,NULL,NULL,NULL,NULL,NULL,NULL,NULL,1613174400000,1,0,1,1,'en.south_korea#holiday@group.v.calendar.google.com',NULL,0,NULL,NULL,NULL,NULL,'20210212_faugjg7t33tkm1pdvlnhg95vas@google.com','0',NULL,'"3259973273374000"','2021-08-26T14:03:56.687Z',NULL,NULL,NULL,'0',NULL);
INSERT INTO Events VALUES(84,'20210606_4gbs73tlcu8vrfntqkoguj0k8g',0,NULL,0,1,'Memorial Day','','Public holiday',NULL,NULL,1,0,1622937600000,1623024000000,'UTC',NULL,1,3,1,0,0,NULL,NULL,NULL,NULL,NULL,NULL,NULL,NULL,1623024000000,1,0,1,1,'en.south_korea#holiday@group.v.calendar.google.com',NULL,0,NULL,NULL,NULL,NULL,'20210606_4gbs73tlcu8vrfntqkoguj0k8g@google.com','0',NULL,'"3259973273374000"','2021-08-26T14:03:56.687Z',NULL,NULL,NULL,'0',NULL);
INSERT INTO Events VALUES(85,'20211001_1krb4nopru0em2d9rtf47s9po0',0,NULL,0,1,'Armed Forces Day','',replace('Observance\nTo hide observances, go to Google Calendar Settings > Holidays in South Korea','\n',char(10)),NULL,NULL,1,0,1633046400000,1633132800000,'UTC',NULL,1,3,1,0,0,NULL,NULL,NULL,NULL,NULL,NULL,NULL,NULL,1633132800000,1,0,1,1,'en.south_korea#holiday@group.v.calendar.google.com',NULL,0,NULL,NULL,NULL,NULL,'20211001_1krb4nopru0em2d9rtf47s9po0@google.com','0',NULL,'"3259973273374000"','2021-08-26T14:03:56.687Z',NULL,NULL,NULL,'0',NULL);
INSERT INTO Events VALUES(86,'20211004_tl7rt8ndloi8p8d6thaeighf5k',0,NULL,0,1,'Day off for National Foundation Day','','Public holiday',NULL,NULL,1,0,1633305600000,1633392000000,'UTC',NULL,1,3,1,0,0,NULL,NULL,NULL,NULL,NULL,NULL,NULL,NULL,1633392000000,1,0,1,1,'en.south_korea#holiday@group.v.calendar.google.com',NULL,0,NULL,NULL,NULL,NULL,'20211004_tl7rt8ndloi8p8d6thaeighf5k@google.com','0',NULL,'"3259973273374000"','2021-08-26T14:03:56.687Z',NULL,NULL,NULL,'0',NULL);
INSERT INTO Events VALUES(87,'20211009_ft33i1cbul24mgsna06r871rko',0,NULL,0,1,'Hangeul Proclamation Day','','Public holiday',NULL,NULL,1,0,1633737600000,1633824000000,'UTC',NULL,1,3,1,0,0,NULL,NULL,NULL,NULL,NULL,NULL,NULL,NULL,1633824000000,1,0,1,1,'en.south_korea#holiday@group.v.calendar.google.com',NULL,0,NULL,NULL,NULL,NULL,'20211009_ft33i1cbul24mgsna06r871rko@google.com','0',NULL,'"3259973273374000"','2021-08-26T14:03:56.687Z',NULL,NULL,NULL,'0',NULL);
INSERT INTO Events VALUES(88,'20211011_ei8873guhac7o4usqhnkjb0evk',0,NULL,0,1,'Day off for Hangeul Proclamation Day','','Public holiday',NULL,NULL,1,0,1633910400000,1633996800000,'UTC',NULL,1,3,1,0,0,NULL,NULL,NULL,NULL,NULL,NULL,NULL,NULL,1633996800000,1,0,1,1,'en.south_korea#holiday@group.v.calendar.google.com',NULL,0,NULL,NULL,NULL,NULL,'20211011_ei8873guhac7o4usqhnkjb0evk@google.com','0',NULL,'"3259973273374000"','2021-08-26T14:03:56.687Z',NULL,NULL,NULL,'0',NULL);
INSERT INTO Events VALUES(89,'20220301_kos1ufv3jrm7llgoj8ogmo7ogs',0,NULL,0,1,'Independence Movement Day','','Public holiday',NULL,NULL,1,0,1646092800000,1646179200000,'UTC',NULL,1,3,1,0,0,NULL,NULL,NULL,NULL,NULL,NULL,NULL,NULL,1646179200000,1,0,1,1,'en.south_korea#holiday@group.v.calendar.google.com',NULL,0,NULL,NULL,NULL,NULL,'20220301_kos1ufv3jrm7llgoj8ogmo7ogs@google.com','0',NULL,'"3259973273374000"','2021-08-26T14:03:56.687Z',NULL,NULL,NULL,'0',NULL);
INSERT INTO Events VALUES(90,'20220505_08l2htu77llk3ji74ms3jo11t8',0,NULL,0,1,'Children''s Day','','Public holiday',NULL,NULL,1,0,1651708800000,1651795200000,'UTC',NULL,1,3,1,0,0,NULL,NULL,NULL,NULL,NULL,NULL,NULL,NULL,1651795200000,1,0,1,1,'en.south_korea#holiday@group.v.calendar.google.com',NULL,0,NULL,NULL,NULL,NULL,'20220505_08l2htu77llk3ji74ms3jo11t8@google.com','0',NULL,'"3259973273374000"','2021-08-26T14:03:56.687Z',NULL,NULL,NULL,'0',NULL);
INSERT INTO Events VALUES(91,'20220508_88s5d5tkq2fhkg02mos531mmdc',0,NULL,0,1,'Parents'' Day','',replace('Observance\nTo hide observances, go to Google Calendar Settings > Holidays in South Korea','\n',char(10)),NULL,NULL,1,0,1651968000000,1652054400000,'UTC',NULL,1,3,1,0,0,NULL,NULL,NULL,NULL,NULL,NULL,NULL,NULL,1652054400000,1,0,1,1,'en.south_korea#holiday@group.v.calendar.google.com',NULL,0,NULL,NULL,NULL,NULL,'20220508_88s5d5tkq2fhkg02mos531mmdc@google.com','0',NULL,'"3259973273374000"','2021-08-26T14:03:56.687Z',NULL,NULL,NULL,'0',NULL);
INSERT INTO Events VALUES(92,'20220910_o63uuibes9396cv93c28b39alc',0,NULL,0,1,'Chuseok','','Public holiday',NULL,NULL,1,0,1662768000000,1662854400000,'UTC',NULL,1,3,1,0,0,NULL,NULL,NULL,NULL,NULL,NULL,NULL,NULL,1662854400000,1,0,1,1,'en.south_korea#holiday@group.v.calendar.google.com',NULL,0,NULL,NULL,NULL,NULL,'20220910_o63uuibes9396cv93c28b39alc@google.com','0',NULL,'"3259973273374000"','2021-08-26T14:03:56.687Z',NULL,NULL,NULL,'0',NULL);
INSERT INTO Events VALUES(93,'20210515_4aqksr0tcj9mc2skscapvi0sh4',0,NULL,0,1,'Teacher''s Day','',replace('Observance\nTo hide observances, go to Google Calendar Settings > Holidays in South Korea','\n',char(10)),NULL,NULL,1,0,1621036800000,1621123200000,'UTC',NULL,1,3,1,0,0,NULL,NULL,NULL,NULL,NULL,NULL,NULL,NULL,1621123200000,1,0,1,1,'en.south_korea#holiday@group.v.calendar.google.com',NULL,0,NULL,NULL,NULL,NULL,'20210515_4aqksr0tcj9mc2skscapvi0sh4@google.com','0',NULL,'"3259973278444000"','2021-08-26T14:03:59.222Z',NULL,NULL,NULL,'0',NULL);
INSERT INTO Events VALUES(94,'20210519_ioifo3kv5d8t6c2gkht3hqomb4',0,NULL,0,1,'Buddha''s Birthday','','Public holiday',NULL,NULL,1,0,1621382400000,1621468800000,'UTC',NULL,1,3,1,0,0,NULL,NULL,NULL,NULL,NULL,NULL,NULL,NULL,1621468800000,1,0,1,1,'en.south_korea#holiday@group.v.calendar.google.com',NULL,0,NULL,NULL,NULL,NULL,'20210519_ioifo3kv5d8t6c2gkht3hqomb4@google.com','0',NULL,'"3259973278444000"','2021-08-26T14:03:59.222Z',NULL,NULL,NULL,'0',NULL);
INSERT INTO Events VALUES(95,'20210717_0dmokvddbuavpsdjbn8diql1l4',0,NULL,0,1,'Constitution Day','',replace('Observance\nTo hide observances, go to Google Calendar Settings > Holidays in South Korea','\n',char(10)),NULL,NULL,1,0,1626480000000,1626566400000,'UTC',NULL,1,3,1,0,0,NULL,NULL,NULL,NULL,NULL,NULL,NULL,NULL,1626566400000,1,0,1,1,'en.south_korea#holiday@group.v.calendar.google.com',NULL,0,NULL,NULL,NULL,NULL,'20210717_0dmokvddbuavpsdjbn8diql1l4@google.com','0',NULL,'"3259973278444000"','2021-08-26T14:03:59.222Z',NULL,NULL,NULL,'0',NULL);
INSERT INTO Events VALUES(96,'20210920_sbumksqfqnvlimjuoi5v7jd7lo',0,NULL,0,1,'Chuseok Holiday','','Public holiday',NULL,NULL,1,0,1632096000000,1632182400000,'UTC',NULL,1,3,1,0,0,NULL,NULL,NULL,NULL,NULL,NULL,NULL,NULL,1632182400000,1,0,1,1,'en.south_korea#holiday@group.v.calendar.google.com',NULL,0,NULL,NULL,NULL,NULL,'20210920_sbumksqfqnvlimjuoi5v7jd7lo@google.com','0',NULL,'"3259973278444000"','2021-08-26T14:03:59.222Z',NULL,NULL,NULL,'0',NULL);
INSERT INTO Events VALUES(97,'20220202_4bi2u7igehbie5j16h9t2m8f64',0,NULL,0,1,'Seollal Holiday','','Public holiday',NULL,NULL,1,0,1643760000000,1643846400000,'UTC',NULL,1,3,1,0,0,NULL,NULL,NULL,NULL,NULL,NULL,NULL,NULL,1643846400000,1,0,1,1,'en.south_korea#holiday@group.v.calendar.google.com',NULL,0,NULL,NULL,NULL,NULL,'20220202_4bi2u7igehbie5j16h9t2m8f64@google.com','0',NULL,'"3259973278444000"','2021-08-26T14:03:59.222Z',NULL,NULL,NULL,'0',NULL);
INSERT INTO Events VALUES(98,'20230122_bmigudp6vfqo450p6a47irc23g',0,NULL,0,1,'Seollal Holiday','','Public holiday',NULL,NULL,1,0,1674345600000,1674432000000,'UTC',NULL,1,3,1,0,0,NULL,NULL,NULL,NULL,NULL,NULL,NULL,NULL,1674432000000,1,0,1,1,'en.south_korea#holiday@group.v.calendar.google.com',NULL,0,NULL,NULL,NULL,NULL,'20230122_bmigudp6vfqo450p6a47irc23g@google.com','0',NULL,'"3259973278444000"','2021-08-26T14:03:59.222Z',NULL,NULL,NULL,'0',NULL);
INSERT INTO Events VALUES(99,'20220201_uqh1qhasba3093i66ff65hlaqo',0,NULL,0,1,'Seollal','','Public holiday',NULL,NULL,1,0,1643673600000,1643760000000,'UTC',NULL,1,3,1,0,0,NULL,NULL,NULL,NULL,NULL,NULL,NULL,NULL,1643760000000,1,0,1,1,'en.south_korea#holiday@group.v.calendar.google.com',NULL,0,NULL,NULL,NULL,NULL,'20220201_uqh1qhasba3093i66ff65hlaqo@google.com','0',NULL,'"3259973282848000"','2021-08-26T14:04:01.424Z',NULL,NULL,NULL,'0',NULL);
INSERT INTO Events VALUES(100,'20220131_vjfeao7mo2copsbqc5iq0dnve0',0,NULL,0,1,'Seollal Holiday','','Public holiday',NULL,NULL,1,0,1643587200000,1643673600000,'UTC',NULL,1,3,1,0,0,NULL,NULL,NULL,NULL,NULL,NULL,NULL,NULL,1643673600000,1,0,1,1,'en.south_korea#holiday@group.v.calendar.google.com',NULL,0,NULL,NULL,NULL,NULL,'20220131_vjfeao7mo2copsbqc5iq0dnve0@google.com','0',NULL,'"3277221773804000"','2021-12-04T09:41:26.902Z',NULL,NULL,NULL,'0',NULL);
CREATE TABLE EventsRawTimes (_id INTEGER PRIMARY KEY,event_id INTEGER NOT NULL,dtstart2445 TEXT,dtend2445 TEXT,originalInstanceTime2445 TEXT,lastDate2445 TEXT,UNIQUE (event_id));
INSERT INTO EventsRawTimes VALUES(1,1,'20210212T000000Z','20210213T000000Z',NULL,'20210213T000000Z');
INSERT INTO EventsRawTimes VALUES(2,2,'20210213T000000Z','20210214T000000Z',NULL,'20210214T000000Z');
INSERT INTO EventsRawTimes VALUES(3,3,'20210508T000000Z','20210509T000000Z',NULL,'20210509T000000Z');
INSERT INTO EventsRawTimes VALUES(4,4,'20221231T000000Z','20230101T000000Z',NULL,'20230101T000000Z');
INSERT INTO EventsRawTimes VALUES(5,5,'20210922T000000Z','20210923T000000Z',NULL,'20210923T000000Z');
INSERT INTO EventsRawTimes VALUES(6,6,'20211001T000000Z','20211002T000000Z',NULL,'20211002T000000Z');
INSERT INTO EventsRawTimes VALUES(7,7,'20211003T000000Z','20211004T000000Z',NULL,'20211004T000000Z');
INSERT INTO EventsRawTimes VALUES(8,8,'20211231T000000Z','20220101T000000Z',NULL,'20220101T000000Z');
INSERT INTO EventsRawTimes VALUES(9,9,'20220909T000000Z','20220910T000000Z',NULL,'20220910T000000Z');
INSERT INTO EventsRawTimes VALUES(10,10,'20210405T000000Z','20210406T000000Z',NULL,'20210406T000000Z');
INSERT INTO EventsRawTimes VALUES(11,11,'20210606T000000Z','20210607T000000Z',NULL,'20210607T000000Z');
INSERT INTO EventsRawTimes VALUES(12,12,'20210920T000000Z','20210921T000000Z',NULL,'20210921T000000Z');
INSERT INTO EventsRawTimes VALUES(13,13,'20210921T000000Z','20210922T000000Z',NULL,'20210922T000000Z');
INSERT INTO EventsRawTimes VALUES(14,14,'20211009T000000Z','20211010T000000Z',NULL,'20211010T000000Z');
INSERT INTO EventsRawTimes VALUES(15,15,'20211225T000000Z','20211226T000000Z',NULL,'20211226T000000Z');
INSERT INTO EventsRawTimes VALUES(16,16,'20220201T000000Z','20220202T000000Z',NULL,'20220202T000000Z');
INSERT INTO EventsRawTimes VALUES(17,17,'20220301T000000Z','20220302T000000Z',NULL,'20220302T000000Z');
INSERT INTO EventsRawTimes VALUES(18,18,'20220515T000000Z','20220516T000000Z',NULL,'20220516T000000Z');
INSERT INTO EventsRawTimes VALUES(19,19,'20220717T000000Z','20220718T000000Z',NULL,'20220718T000000Z');
INSERT INTO EventsRawTimes VALUES(20,20,'20220911T000000Z','20220912T000000Z',NULL,'20220912T000000Z');
INSERT INTO EventsRawTimes VALUES(21,21,'20221003T000000Z','20221004T000000Z',NULL,'20221004T000000Z');
INSERT INTO EventsRawTimes VALUES(22,22,'20221225T000000Z','20221226T000000Z',NULL,'20221226T000000Z');
INSERT INTO EventsRawTimes VALUES(23,23,'20210301T000000Z','20210302T000000Z',NULL,'20210302T000000Z');
INSERT INTO EventsRawTimes VALUES(24,24,'20210717T000000Z','20210718T000000Z',NULL,'20210718T000000Z');
INSERT INTO EventsRawTimes VALUES(25,25,'20210815T000000Z','20210816T000000Z',NULL,'20210816T000000Z');
INSERT INTO EventsRawTimes VALUES(26,26,'20210816T000000Z','20210817T000000Z',NULL,'20210817T000000Z');
INSERT INTO EventsRawTimes VALUES(27,27,'20211004T000000Z','20211005T000000Z',NULL,'20211005T000000Z');
INSERT INTO EventsRawTimes VALUES(28,28,'20211011T000000Z','20211012T000000Z',NULL,'20211012T000000Z');
INSERT INTO EventsRawTimes VALUES(29,29,'20220202T000000Z','20220203T000000Z',NULL,'20220203T000000Z');
INSERT INTO EventsRawTimes VALUES(30,30,'20220606T000000Z','20220607T000000Z',NULL,'20220607T000000Z');
INSERT INTO EventsRawTimes VALUES(31,31,'20220815T000000Z','20220816T000000Z',NULL,'20220816T000000Z');
INSERT INTO EventsRawTimes VALUES(32,32,'20230122T000000Z','20230123T000000Z',NULL,'20230123T000000Z');
INSERT INTO EventsRawTimes VALUES(33,33,'20230123T000000Z','20230124T000000Z',NULL,'20230124T000000Z');
INSERT INTO EventsRawTimes VALUES(34,34,'20210212T000000Z','20210213T000000Z',NULL,'20210213T000000Z');
INSERT INTO EventsRawTimes VALUES(35,35,'20210505T000000Z','20210506T000000Z',NULL,'20210506T000000Z');
INSERT INTO EventsRawTimes VALUES(36,36,'20210515T000000Z','20210516T000000Z',NULL,'20210516T000000Z');
INSERT INTO EventsRawTimes VALUES(37,37,'20211224T000000Z','20211225T000000Z',NULL,'20211225T000000Z');
INSERT INTO EventsRawTimes VALUES(38,38,'20220505T000000Z','20220506T000000Z',NULL,'20220506T000000Z');
INSERT INTO EventsRawTimes VALUES(39,39,'20220910T000000Z','20220911T000000Z',NULL,'20220911T000000Z');
INSERT INTO EventsRawTimes VALUES(40,40,'20221001T000000Z','20221002T000000Z',NULL,'20221002T000000Z');
INSERT INTO EventsRawTimes VALUES(41,41,'20221009T000000Z','20221010T000000Z',NULL,'20221010T000000Z');
INSERT INTO EventsRawTimes VALUES(42,42,'20221224T000000Z','20221225T000000Z',NULL,'20221225T000000Z');
INSERT INTO EventsRawTimes VALUES(43,43,'20230123T000000Z','20230124T000000Z',NULL,'20230124T000000Z');
INSERT INTO EventsRawTimes VALUES(44,44,'20220405T000000Z','20220406T000000Z',NULL,'20220406T000000Z');
INSERT INTO EventsRawTimes VALUES(45,45,'20220508T000000Z','20220509T000000Z',NULL,'20220509T000000Z');
INSERT INTO EventsRawTimes VALUES(46,46,'20210519T000000Z','20210520T000000Z',NULL,'20210520T000000Z');
INSERT INTO EventsRawTimes VALUES(47,47,'20220101T000000Z','20220102T000000Z',NULL,'20220102T000000Z');
INSERT INTO EventsRawTimes VALUES(48,48,'20220508T000000Z','20220509T000000Z',NULL,'20220509T000000Z');
INSERT INTO EventsRawTimes VALUES(49,49,'20230101T000000Z','20230102T000000Z',NULL,'20230102T000000Z');
INSERT INTO EventsRawTimes VALUES(50,50,'20220131T000000Z','20220201T000000Z',NULL,'20220201T000000Z');
INSERT INTO EventsRawTimes VALUES(51,51,'20210301T000000Z','20210302T000000Z',NULL,'20210302T000000Z');
INSERT INTO EventsRawTimes VALUES(52,52,'20210508T000000Z','20210509T000000Z',NULL,'20210509T000000Z');
INSERT INTO EventsRawTimes VALUES(53,53,'20210815T000000Z','20210816T000000Z',NULL,'20210816T000000Z');
INSERT INTO EventsRawTimes VALUES(54,54,'20211225T000000Z','20211226T000000Z',NULL,'20211226T000000Z');
INSERT INTO EventsRawTimes VALUES(55,55,'20220405T000000Z','20220406T000000Z',NULL,'20220406T000000Z');
INSERT INTO EventsRawTimes VALUES(56,56,'20220606T000000Z','20220607T000000Z',NULL,'20220607T000000Z');
INSERT INTO EventsRawTimes VALUES(57,57,'20220911T000000Z','20220912T000000Z',NULL,'20220912T000000Z');
INSERT INTO EventsRawTimes VALUES(58,58,'20230123T000000Z','20230124T000000Z',NULL,'20230124T000000Z');
INSERT INTO EventsRawTimes VALUES(59,59,'20210212T000000Z','20210213T000000Z',NULL,'20210213T000000Z');
INSERT INTO EventsRawTimes VALUES(60,60,'20210405T000000Z','20210406T000000Z',NULL,'20210406T000000Z');
INSERT INTO EventsRawTimes VALUES(61,61,'20210505T000000Z','20210506T000000Z',NULL,'20210506T000000Z');
INSERT INTO EventsRawTimes VALUES(62,62,'20210922T000000Z','20210923T000000Z',NULL,'20210923T000000Z');
INSERT INTO EventsRawTimes VALUES(63,63,'20211224T000000Z','20211225T000000Z',NULL,'20211225T000000Z');
INSERT INTO EventsRawTimes VALUES(64,64,'20220508T000000Z','20220509T000000Z',NULL,'20220509T000000Z');
INSERT INTO EventsRawTimes VALUES(65,65,'20220815T000000Z','20220816T000000Z',NULL,'20220816T000000Z');
INSERT INTO EventsRawTimes VALUES(66,66,'20220909T000000Z','20220910T000000Z',NULL,'20220910T000000Z');
INSERT INTO EventsRawTimes VALUES(67,67,'20221001T000000Z','20221002T000000Z',NULL,'20221002T000000Z');
INSERT INTO EventsRawTimes VALUES(68,68,'20221003T000000Z','20221004T000000Z',NULL,'20221004T000000Z');
INSERT INTO EventsRawTimes VALUES(69,69,'20221225T000000Z','20221226T000000Z',NULL,'20221226T000000Z');
INSERT INTO EventsRawTimes VALUES(70,70,'20221231T000000Z','20230101T000000Z',NULL,'20230101T000000Z');
INSERT INTO EventsRawTimes VALUES(71,71,'20230101T000000Z','20230102T000000Z',NULL,'20230102T000000Z');
INSERT INTO EventsRawTimes VALUES(72,72,'20230123T000000Z','20230124T000000Z',NULL,'20230124T000000Z');
INSERT INTO EventsRawTimes VALUES(73,73,'20210213T000000Z','20210214T000000Z',NULL,'20210214T000000Z');
INSERT INTO EventsRawTimes VALUES(74,74,'20210816T000000Z','20210817T000000Z',NULL,'20210817T000000Z');
INSERT INTO EventsRawTimes VALUES(75,75,'20210921T000000Z','20210922T000000Z',NULL,'20210922T000000Z');
INSERT INTO EventsRawTimes VALUES(76,76,'20211003T000000Z','20211004T000000Z',NULL,'20211004T000000Z');
INSERT INTO EventsRawTimes VALUES(77,77,'20211231T000000Z','20220101T000000Z',NULL,'20220101T000000Z');
INSERT INTO EventsRawTimes VALUES(78,78,'20220101T000000Z','20220102T000000Z',NULL,'20220102T000000Z');
INSERT INTO EventsRawTimes VALUES(79,79,'20220515T000000Z','20220516T000000Z',NULL,'20220516T000000Z');
INSERT INTO EventsRawTimes VALUES(80,80,'20220717T000000Z','20220718T000000Z',NULL,'20220718T000000Z');
INSERT INTO EventsRawTimes VALUES(81,81,'20221009T000000Z','20221010T000000Z',NULL,'20221010T000000Z');
INSERT INTO EventsRawTimes VALUES(82,82,'20221224T000000Z','20221225T000000Z',NULL,'20221225T000000Z');
INSERT INTO EventsRawTimes VALUES(83,83,'20210212T000000Z','20210213T000000Z',NULL,'20210213T000000Z');
INSERT INTO EventsRawTimes VALUES(84,84,'20210606T000000Z','20210607T000000Z',NULL,'20210607T000000Z');
INSERT INTO EventsRawTimes VALUES(85,85,'20211001T000000Z','20211002T000000Z',NULL,'20211002T000000Z');
INSERT INTO EventsRawTimes VALUES(86,86,'20211004T000000Z','20211005T000000Z',NULL,'20211005T000000Z');
INSERT INTO EventsRawTimes VALUES(87,87,'20211009T000000Z','20211010T000000Z',NULL,'20211010T000000Z');
INSERT INTO EventsRawTimes VALUES(88,88,'20211011T000000Z','20211012T000000Z',NULL,'20211012T000000Z');
INSERT INTO EventsRawTimes VALUES(89,89,'20220301T000000Z','20220302T000000Z',NULL,'20220302T000000Z');
INSERT INTO EventsRawTimes VALUES(90,90,'20220505T000000Z','20220506T000000Z',NULL,'20220506T000000Z');
INSERT INTO EventsRawTimes VALUES(91,91,'20220508T000000Z','20220509T000000Z',NULL,'20220509T000000Z');
INSERT INTO EventsRawTimes VALUES(92,92,'20220910T000000Z','20220911T000000Z',NULL,'20220911T000000Z');
INSERT INTO EventsRawTimes VALUES(93,93,'20210515T000000Z','20210516T000000Z',NULL,'20210516T000000Z');
INSERT INTO EventsRawTimes VALUES(94,94,'20210519T000000Z','20210520T000000Z',NULL,'20210520T000000Z');
INSERT INTO EventsRawTimes VALUES(95,95,'20210717T000000Z','20210718T000000Z',NULL,'20210718T000000Z');
INSERT INTO EventsRawTimes VALUES(96,96,'20210920T000000Z','20210921T000000Z',NULL,'20210921T000000Z');
INSERT INTO EventsRawTimes VALUES(97,97,'20220202T000000Z','20220203T000000Z',NULL,'20220203T000000Z');
INSERT INTO EventsRawTimes VALUES(98,98,'20230122T000000Z','20230123T000000Z',NULL,'20230123T000000Z');
INSERT INTO EventsRawTimes VALUES(99,99,'20220201T000000Z','20220202T000000Z',NULL,'20220202T000000Z');
INSERT INTO EventsRawTimes VALUES(100,100,'20220131T000000Z','20220201T000000Z',NULL,'20220201T000000Z');
CREATE TABLE Instances (_id INTEGER PRIMARY KEY,event_id INTEGER,begin INTEGER,end INTEGER,startDay INTEGER,endDay INTEGER,startMinute INTEGER,endMinute INTEGER,UNIQUE (event_id, begin, end));
INSERT INTO Instances VALUES(1,8,1640908800000,1640995200000,2459580,2459580,0,1440);
INSERT INTO Instances VALUES(2,16,1643673600000,1643760000000,2459612,2459612,0,1440);
INSERT INTO Instances VALUES(3,17,1646092800000,1646179200000,2459640,2459640,0,1440);
INSERT INTO Instances VALUES(4,29,1643760000000,1643846400000,2459613,2459613,0,1440);
INSERT INTO Instances VALUES(5,47,1640995200000,1641081600000,2459581,2459581,0,1440);
INSERT INTO Instances VALUES(6,50,1643587200000,1643673600000,2459611,2459611,0,1440);
INSERT INTO Instances VALUES(7,77,1640908800000,1640995200000,2459580,2459580,0,1440);
INSERT INTO Instances VALUES(8,78,1640995200000,1641081600000,2459581,2459581,0,1440);
INSERT INTO Instances VALUES(9,89,1646092800000,1646179200000,2459640,2459640,0,1440);
INSERT INTO Instances VALUES(10,97,1643760000000,1643846400000,2459613,2459613,0,1440);
INSERT INTO Instances VALUES(11,99,1643673600000,1643760000000,2459612,2459612,0,1440);
INSERT INTO Instances VALUES(12,100,1643587200000,1643673600000,2459611,2459611,0,1440);
CREATE TABLE CalendarMetaData (_id INTEGER PRIMARY KEY,localTimezone TEXT,minInstance INTEGER,maxInstance INTEGER);
INSERT INTO CalendarMetaData VALUES(1,'Asia/Seoul',1640962800000,1646319600000);
CREATE TABLE CalendarCache (_id INTEGER PRIMARY KEY,key TEXT NOT NULL,value TEXT);
INSERT INTO CalendarCache VALUES(-2140311132,'timezoneDatabaseVersion','2019b');
INSERT INTO CalendarCache VALUES(-495220580,'timezoneInstancesPrevious','Asia/Seoul');
INSERT INTO CalendarCache VALUES(1126213331,'timezoneType','auto');
INSERT INTO CalendarCache VALUES(1167965829,'timezoneInstances','Asia/Seoul');
CREATE TABLE Attendees (_id INTEGER PRIMARY KEY,event_id INTEGER,attendeeName TEXT,attendeeEmail TEXT,attendeeStatus INTEGER,attendeeRelationship INTEGER,attendeeType INTEGER,attendeeIdentity TEXT,attendeeIdNamespace TEXT);
CREATE TABLE Reminders (_id INTEGER PRIMARY KEY,event_id INTEGER,minutes INTEGER,method INTEGER NOT NULL DEFAULT 0);
CREATE TABLE CalendarAlerts (_id INTEGER PRIMARY KEY,event_id INTEGER,begin INTEGER NOT NULL,end INTEGER NOT NULL,alarmTime INTEGER NOT NULL,creationTime INTEGER NOT NULL DEFAULT 0,receivedTime INTEGER NOT NULL DEFAULT 0,notifyTime INTEGER NOT NULL DEFAULT 0,state INTEGER NOT NULL,minutes INTEGER,UNIQUE (alarmTime, begin, event_id));
CREATE TABLE ExtendedProperties (_id INTEGER PRIMARY KEY,event_id INTEGER,name TEXT,value TEXT);
INSERT INTO ExtendedProperties VALUES(1,1,'secretEvent','0');
INSERT INTO ExtendedProperties VALUES(2,2,'secretEvent','0');
INSERT INTO ExtendedProperties VALUES(3,3,'secretEvent','0');
INSERT INTO ExtendedProperties VALUES(4,4,'secretEvent','0');
INSERT INTO ExtendedProperties VALUES(5,5,'secretEvent','0');
INSERT INTO ExtendedProperties VALUES(6,6,'secretEvent','0');
INSERT INTO ExtendedProperties VALUES(7,7,'secretEvent','0');
INSERT INTO ExtendedProperties VALUES(8,8,'secretEvent','0');
INSERT INTO ExtendedProperties VALUES(9,9,'secretEvent','0');
INSERT INTO ExtendedProperties VALUES(10,10,'secretEvent','0');
INSERT INTO ExtendedProperties VALUES(11,11,'secretEvent','0');
INSERT INTO ExtendedProperties VALUES(12,12,'secretEvent','0');
INSERT INTO ExtendedProperties VALUES(13,13,'secretEvent','0');
INSERT INTO ExtendedProperties VALUES(14,14,'secretEvent','0');
INSERT INTO ExtendedProperties VALUES(15,15,'secretEvent','0');
INSERT INTO ExtendedProperties VALUES(16,16,'secretEvent','0');
INSERT INTO ExtendedProperties VALUES(17,17,'secretEvent','0');
INSERT INTO ExtendedProperties VALUES(18,18,'secretEvent','0');
INSERT INTO ExtendedProperties VALUES(19,19,'secretEvent','0');
INSERT INTO ExtendedProperties VALUES(20,20,'secretEvent','0');
INSERT INTO ExtendedProperties VALUES(21,21,'secretEvent','0');
INSERT INTO ExtendedProperties VALUES(22,22,'secretEvent','0');
INSERT INTO ExtendedProperties VALUES(23,23,'secretEvent','0');
INSERT INTO ExtendedProperties VALUES(24,24,'secretEvent','0');
INSERT INTO ExtendedProperties VALUES(25,25,'secretEvent','0');
INSERT INTO ExtendedProperties VALUES(26,26,'secretEvent','0');
INSERT INTO ExtendedProperties VALUES(27,27,'secretEvent','0');
INSERT INTO ExtendedProperties VALUES(28,28,'secretEvent','0');
INSERT INTO ExtendedProperties VALUES(29,29,'secretEvent','0');
INSERT INTO ExtendedProperties VALUES(30,30,'secretEvent','0');
INSERT INTO ExtendedProperties VALUES(31,31,'secretEvent','0');
INSERT INTO ExtendedProperties VALUES(32,32,'secretEvent','0');
INSERT INTO ExtendedProperties VALUES(33,33,'secretEvent','0');
INSERT INTO ExtendedProperties VALUES(34,34,'secretEvent','0');
INSERT INTO ExtendedProperties VALUES(35,35,'secretEvent','0');
INSERT INTO ExtendedProperties VALUES(36,36,'secretEvent','0');
INSERT INTO ExtendedProperties VALUES(37,37,'secretEvent','0');
INSERT INTO ExtendedProperties VALUES(38,38,'secretEvent','0');
INSERT INTO ExtendedProperties VALUES(39,39,'secretEvent','0');
INSERT INTO ExtendedProperties VALUES(40,40,'secretEvent','0');
INSERT INTO ExtendedProperties VALUES(41,41,'secretEvent','0');
INSERT INTO ExtendedProperties VALUES(42,42,'secretEvent','0');
INSERT INTO ExtendedProperties VALUES(43,43,'secretEvent','0');
INSERT INTO ExtendedProperties VALUES(44,44,'secretEvent','0');
INSERT INTO ExtendedProperties VALUES(45,45,'secretEvent','0');
INSERT INTO ExtendedProperties VALUES(46,46,'secretEvent','0');
INSERT INTO ExtendedProperties VALUES(47,47,'secretEvent','0');
INSERT INTO ExtendedProperties VALUES(48,48,'secretEvent','0');
INSERT INTO ExtendedProperties VALUES(49,49,'secretEvent','0');
INSERT INTO ExtendedProperties VALUES(50,50,'secretEvent','0');
INSERT INTO ExtendedProperties VALUES(51,51,'secretEvent','0');
INSERT INTO ExtendedProperties VALUES(52,52,'secretEvent','0');
INSERT INTO ExtendedProperties VALUES(53,53,'secretEvent','0');
INSERT INTO ExtendedProperties VALUES(54,54,'secretEvent','0');
INSERT INTO ExtendedProperties VALUES(55,55,'secretEvent','0');
INSERT INTO ExtendedProperties VALUES(56,56,'secretEvent','0');
INSERT INTO ExtendedProperties VALUES(57,57,'secretEvent','0');
INSERT INTO ExtendedProperties VALUES(58,58,'secretEvent','0');
INSERT INTO ExtendedProperties VALUES(59,59,'secretEvent','0');
INSERT INTO ExtendedProperties VALUES(60,60,'secretEvent','0');
INSERT INTO ExtendedProperties VALUES(61,61,'secretEvent','0');
INSERT INTO ExtendedProperties VALUES(62,62,'secretEvent','0');
INSERT INTO ExtendedProperties VALUES(63,63,'secretEvent','0');
INSERT INTO ExtendedProperties VALUES(64,64,'secretEvent','0');
INSERT INTO ExtendedProperties VALUES(65,65,'secretEvent','0');
INSERT INTO ExtendedProperties VALUES(66,66,'secretEvent','0');
INSERT INTO ExtendedProperties VALUES(67,67,'secretEvent','0');
INSERT INTO ExtendedProperties VALUES(68,68,'secretEvent','0');
INSERT INTO ExtendedProperties VALUES(69,69,'secretEvent','0');
INSERT INTO ExtendedProperties VALUES(70,70,'secretEvent','0');
INSERT INTO ExtendedProperties VALUES(71,71,'secretEvent','0');
INSERT INTO ExtendedProperties VALUES(72,72,'secretEvent','0');
INSERT INTO ExtendedProperties VALUES(73,73,'secretEvent','0');
INSERT INTO ExtendedProperties VALUES(74,74,'secretEvent','0');
INSERT INTO ExtendedProperties VALUES(75,75,'secretEvent','0');
INSERT INTO ExtendedProperties VALUES(76,76,'secretEvent','0');
INSERT INTO ExtendedProperties VALUES(77,77,'secretEvent','0');
INSERT INTO ExtendedProperties VALUES(78,78,'secretEvent','0');
INSERT INTO ExtendedProperties VALUES(79,79,'secretEvent','0');
INSERT INTO ExtendedProperties VALUES(80,80,'secretEvent','0');
INSERT INTO ExtendedProperties VALUES(81,81,'secretEvent','0');
INSERT INTO ExtendedProperties VALUES(82,82,'secretEvent','0');
INSERT INTO ExtendedProperties VALUES(83,83,'secretEvent','0');
INSERT INTO ExtendedProperties VALUES(84,84,'secretEvent','0');
INSERT INTO ExtendedProperties VALUES(85,85,'secretEvent','0');
INSERT INTO ExtendedProperties VALUES(86,86,'secretEvent','0');
INSERT INTO ExtendedProperties VALUES(87,87,'secretEvent','0');
INSERT INTO ExtendedProperties VALUES(88,88,'secretEvent','0');
INSERT INTO ExtendedProperties VALUES(89,89,'secretEvent','0');
INSERT INTO ExtendedProperties VALUES(90,90,'secretEvent','0');
INSERT INTO ExtendedProperties VALUES(91,91,'secretEvent','0');
INSERT INTO ExtendedProperties VALUES(92,92,'secretEvent','0');
INSERT INTO ExtendedProperties VALUES(93,93,'secretEvent','0');
INSERT INTO ExtendedProperties VALUES(94,94,'secretEvent','0');
INSERT INTO ExtendedProperties VALUES(95,95,'secretEvent','0');
INSERT INTO ExtendedProperties VALUES(96,96,'secretEvent','0');
INSERT INTO ExtendedProperties VALUES(97,97,'secretEvent','0');
INSERT INTO ExtendedProperties VALUES(98,98,'secretEvent','0');
INSERT INTO ExtendedProperties VALUES(99,99,'secretEvent','0');
INSERT INTO ExtendedProperties VALUES(100,100,'secretEvent','0');
CREATE TRIGGER calendar_cleanup DELETE ON Calendars BEGIN DELETE FROM Events WHERE calendar_id=old._id;END;
CREATE INDEX eventsCalendarIdIndex ON Events (calendar_id);
CREATE INDEX instancesStartDayIndex ON Instances (startDay);
CREATE INDEX attendeesEventIdIndex ON Attendees (event_id);
CREATE INDEX remindersEventIdIndex ON Reminders (event_id);
CREATE INDEX calendarAlertsEventIdIndex ON CalendarAlerts (event_id);
CREATE INDEX extendedPropertiesEventIdIndex ON ExtendedProperties (event_id);
CREATE VIEW view_events AS SELECT Events._id AS _id,title,description,eventLocation,eventColor,eventColor_index,eventStatus,selfAttendeeStatus,dtstart,dtend,duration,eventTimezone,eventEndTimezone,allDay,accessLevel,availability,hasAlarm,hasExtendedProperties,rrule,rdate,exrule,exdate,original_sync_id,original_id,originalInstanceTime,originalAllDay,lastDate,hasAttendeeData,calendar_id,guestsCanInviteOthers,guestsCanModify,guestsCanSeeGuests,organizer,COALESCE(isOrganizer, organizer = ownerAccount) AS isOrganizer,customAppPackage,customAppUri,uid2445,sync_data1,sync_data2,sync_data3,sync_data4,sync_data5,sync_data6,sync_data7,sync_data8,sync_data9,sync_data10,Events.deleted AS deleted,Events._sync_id AS _sync_id,Events.dirty AS dirty,Events.mutators AS mutators,lastSynced,Calendars.account_name AS account_name,Calendars.account_type AS account_type,calendar_timezone,calendar_displayName,calendar_location,visible,calendar_color,calendar_color_index,calendar_access_level,maxReminders,allowedReminders,allowedAttendeeTypes,allowedAvailability,canOrganizerRespond,canModifyTimeZone,canPartiallyUpdate,isPrimary,cal_sync1,cal_sync2,cal_sync3,cal_sync4,cal_sync5,cal_sync6,cal_sync7,cal_sync8,cal_sync9,cal_sync10,ownerAccount,sync_events,ifnull(eventColor,calendar_color) AS displayColor FROM Events JOIN Calendars ON (Events.calendar_id=Calendars._id);
CREATE TRIGGER events_cleanup_delete DELETE ON Events BEGIN DELETE FROM Instances WHERE event_id=old._id;DELETE FROM EventsRawTimes WHERE event_id=old._id;DELETE FROM Attendees WHERE event_id=old._id;DELETE FROM Reminders WHERE event_id=old._id;DELETE FROM CalendarAlerts WHERE event_id=old._id;DELETE FROM ExtendedProperties WHERE event_id=old._id;END;
CREATE TRIGGER event_color_update UPDATE OF eventColor_index ON Events WHEN new.eventColor_index NOT NULL BEGIN UPDATE Events SET eventColor=(SELECT color FROM Colors WHERE account_name=(SELECT account_name FROM Calendars WHERE _id=new.calendar_id) AND account_type=(SELECT account_type FROM Calendars WHERE _id=new.calendar_id) AND color_index=new.eventColor_index AND color_type=1)  WHERE _id=old._id; END;
CREATE TRIGGER calendar_color_update UPDATE OF calendar_color_index ON Calendars WHEN new.calendar_color_index NOT NULL BEGIN UPDATE Calendars SET calendar_color=(SELECT color FROM Colors WHERE account_name=new.account_name AND account_type=new.account_type AND color_index=new.calendar_color_index AND color_type=0)  WHERE _id=old._id; END;
CREATE TRIGGER original_sync_update UPDATE OF _sync_id ON Events BEGIN UPDATE Events SET original_sync_id=new._sync_id WHERE original_id=old._id; END;
